,agent configuration,attack method,attribute,dataset,emotion label,evaluation level,gender,memory capacity,memory tag configuration,method,metric index,model,planning method,prompt,query_budget,samples,setting,shot type,task,metrics,outcome,table_id,paper_id,claim_id
0,,,,HaluEval Li et al. (2023a),,,,,,HaluEval,,,,,,,,,QA,Acc.,56.00,3,2406.03075,0
1,,,,HaluEval Li et al. (2023a),,,,,,HaluEval,,,,,,,,,QA,R,77.33,3,2406.03075,1
2,,,,HaluEval Li et al. (2023a),,,,,,HaluEval,,,,,,,,,QA,P,54.21,3,2406.03075,2
3,,,,HaluEval Li et al. (2023a),,,,,,HaluEval,,,,,,,,,QA,F1,63.74,3,2406.03075,3
4,,,,HaluEval Li et al. (2023a),,,,,,FACTOOL,,,,,,,,,QA,Acc.,67.33,3,2406.03075,4
5,,,,HaluEval Li et al. (2023a),,,,,,FACTOOL,,,,,,,,,QA,R,86.67,3,2406.03075,5
6,,,,HaluEval Li et al. (2023a),,,,,,FACTOOL,,,,,,,,,QA,P,62.50,3,2406.03075,6
7,,,,HaluEval Li et al. (2023a),,,,,,FACTOOL,,,,,,,,,QA,F1,72.63,3,2406.03075,7
8,,,,HaluEval Li et al. (2023a),,,,,,Ours,,,,,,,,,QA,Acc.,70.67,3,2406.03075,8
9,,,,HaluEval Li et al. (2023a),,,,,,Ours,,,,,,,,,QA,R,82.67,3,2406.03075,9
10,,,,HaluEval Li et al. (2023a),,,,,,Ours,,,,,,,,,QA,P,66.67,3,2406.03075,10
11,,,,HaluEval Li et al. (2023a),,,,,,Ours,,,,,,,,,QA,F1,73.81,3,2406.03075,11
12,,,,HaluEval Li et al. (2023a),,,,,,HaluEval,,,,,,,,,Summarization,Acc.,58.00,3,2406.03075,12
13,,,,HaluEval Li et al. (2023a),,,,,,HaluEval,,,,,,,,,Summarization,R,100.0,3,2406.03075,13
14,,,,HaluEval Li et al. (2023a),,,,,,HaluEval,,,,,,,,,Summarization,P,54.35,3,2406.03075,14
15,,,,HaluEval Li et al. (2023a),,,,,,HaluEval,,,,,,,,,Summarization,F1,70.42,3,2406.03075,15
16,,,,HaluEval Li et al. (2023a),,,,,,FACTOOL,,,,,,,,,Summarization,Acc.,64.00,3,2406.03075,16
17,,,,HaluEval Li et al. (2023a),,,,,,FACTOOL,,,,,,,,,Summarization,R,48.00,3,2406.03075,17
18,,,,HaluEval Li et al. (2023a),,,,,,FACTOOL,,,,,,,,,Summarization,P,70.59,3,2406.03075,18
19,,,,HaluEval Li et al. (2023a),,,,,,FACTOOL,,,,,,,,,Summarization,F1,57.14,3,2406.03075,19
20,,,,HaluEval Li et al. (2023a),,,,,,Ours,,,,,,,,,Summarization,Acc.,70.00,3,2406.03075,20
21,,,,HaluEval Li et al. (2023a),,,,,,Ours,,,,,,,,,Summarization,R,64.00,3,2406.03075,21
22,,,,HaluEval Li et al. (2023a),,,,,,Ours,,,,,,,,,Summarization,P,72.73,3,2406.03075,22
23,,,,HaluEval Li et al. (2023a),,,,,,Ours,,,,,,,,,Summarization,F1,68.09,3,2406.03075,23
24,,,,HaluEval Li et al. (2023a),,,,,,HaluEval,,,,,,,,,Dialogue,Acc.,68.00,3,2406.03075,24
25,,,,HaluEval Li et al. (2023a),,,,,,HaluEval,,,,,,,,,Dialogue,R,75.71,3,2406.03075,25
26,,,,HaluEval Li et al. (2023a),,,,,,HaluEval,,,,,,,,,Dialogue,P,63.10,3,2406.03075,26
27,,,,HaluEval Li et al. (2023a),,,,,,HaluEval,,,,,,,,,Dialogue,F1,68.83,3,2406.03075,27
28,,,,HaluEval Li et al. (2023a),,,,,,FACTOOL,,,,,,,,,Dialogue,Acc.,74.67,3,2406.03075,28
29,,,,HaluEval Li et al. (2023a),,,,,,FACTOOL,,,,,,,,,Dialogue,R,70.00,3,2406.03075,29
30,,,,HaluEval Li et al. (2023a),,,,,,FACTOOL,,,,,,,,,Dialogue,P,"74,24",3,2406.03075,30
31,,,,HaluEval Li et al. (2023a),,,,,,FACTOOL,,,,,,,,,Dialogue,F1,72.06,3,2406.03075,31
32,,,,HaluEval Li et al. (2023a),,,,,,Ours,,,,,,,,,Dialogue,Acc.,76.00,3,2406.03075,32
33,,,,HaluEval Li et al. (2023a),,,,,,Ours,,,,,,,,,Dialogue,R,62.86,3,2406.03075,33
34,,,,HaluEval Li et al. (2023a),,,,,,Ours,,,,,,,,,Dialogue,P,81.48,3,2406.03075,34
35,,,,HaluEval Li et al. (2023a),,,,,,Ours,,,,,,,,,Dialogue,F1,70.97,3,2406.03075,35
36,,,,,,,,,,PAIR,,Vicuna-7b-v1.5,,,40,,,,Jailbreak general-use LLMs,ASR,94,1,2407.16667,0
37,,,,,,,,,,PAIR,,Vicuna-7b-v1.5,,,40,,,,Jailbreak general-use LLMs,ANQ,6.72,1,2407.16667,1
38,,,,,,,,,,PAIR,,LLaMa-2-7b-chat-hf,,,40,,,,Jailbreak general-use LLMs,ASR,46,1,2407.16667,2
39,,,,,,,,,,PAIR,,LLaMa-2-7b-chat-hf,,,40,,,,Jailbreak general-use LLMs,ANQ,19.74,1,2407.16667,3
40,,,,,,,,,,PAIR,,GPT-3.5-turbo-1106,,,40,,,,Jailbreak general-use LLMs,ASR,64,1,2407.16667,4
41,,,,,,,,,,PAIR,,GPT-3.5-turbo-1106,,,40,,,,Jailbreak general-use LLMs,ANQ,13.25,1,2407.16667,5
42,,,,,,,,,,PAIR,,GPT-4-1106-preview,,,40,,,,Jailbreak general-use LLMs,ASR,74,1,2407.16667,6
43,,,,,,,,,,PAIR,,GPT-4-1106-preview,,,40,,,,Jailbreak general-use LLMs,ANQ,9.73,1,2407.16667,7
44,,,,,,,,,,PAIR,,Gemini-Pro,,,40,,,,Jailbreak general-use LLMs,ASR,94,1,2407.16667,8
45,,,,,,,,,,PAIR,,Gemini-Pro,,,40,,,,Jailbreak general-use LLMs,ANQ,7.75,1,2407.16667,9
46,,,,,,,,,,PAIR,,Claude-3.5-sonnet,,,40,,,,Jailbreak general-use LLMs,ASR,38,1,2407.16667,10
47,,,,,,,,,,PAIR,,Claude-3.5-sonnet,,,40,,,,Jailbreak general-use LLMs,ANQ,17.05,1,2407.16667,11
48,,,,,,,,,,TAP,,Vicuna-7b-v1.5,,,40,,,,Jailbreak general-use LLMs,ASR,90,1,2407.16667,12
49,,,,,,,,,,TAP,,Vicuna-7b-v1.5,,,40,,,,Jailbreak general-use LLMs,ANQ,4.58,1,2407.16667,13
50,,,,,,,,,,TAP,,LLaMa-2-7b-chat-hf,,,40,,,,Jailbreak general-use LLMs,ASR,48,1,2407.16667,14
51,,,,,,,,,,TAP,,LLaMa-2-7b-chat-hf,,,40,,,,Jailbreak general-use LLMs,ANQ,13.25,1,2407.16667,15
52,,,,,,,,,,TAP,,GPT-3.5-turbo-1106,,,40,,,,Jailbreak general-use LLMs,ASR,36,1,2407.16667,16
53,,,,,,,,,,TAP,,GPT-3.5-turbo-1106,,,40,,,,Jailbreak general-use LLMs,ANQ,9.67,1,2407.16667,17
54,,,,,,,,,,TAP,,GPT-4-1106-preview,,,40,,,,Jailbreak general-use LLMs,ASR,62,1,2407.16667,18
55,,,,,,,,,,TAP,,GPT-4-1106-preview,,,40,,,,Jailbreak general-use LLMs,ANQ,9.36,1,2407.16667,19
56,,,,,,,,,,TAP,,Gemini-Pro,,,40,,,,Jailbreak general-use LLMs,ASR,86,1,2407.16667,20
57,,,,,,,,,,TAP,,Gemini-Pro,,,40,,,,Jailbreak general-use LLMs,ANQ,6.21,1,2407.16667,21
58,,,,,,,,,,TAP,,Claude-3.5-sonnet,,,40,,,,Jailbreak general-use LLMs,ASR,22,1,2407.16667,22
59,,,,,,,,,,TAP,,Claude-3.5-sonnet,,,40,,,,Jailbreak general-use LLMs,ANQ,13,1,2407.16667,23
60,,,,,,,,,,PAP,,Vicuna-7b-v1.5,,,40,,,,Jailbreak general-use LLMs,ASR,94,1,2407.16667,24
61,,,,,,,,,,PAP,,Vicuna-7b-v1.5,,,40,,,,Jailbreak general-use LLMs,ANQ,4.15,1,2407.16667,25
62,,,,,,,,,,PAP,,LLaMa-2-7b-chat-hf,,,40,,,,Jailbreak general-use LLMs,ASR,58,1,2407.16667,26
63,,,,,,,,,,PAP,,LLaMa-2-7b-chat-hf,,,40,,,,Jailbreak general-use LLMs,ANQ,13.86,1,2407.16667,27
64,,,,,,,,,,PAP,,GPT-3.5-turbo-1106,,,40,,,,Jailbreak general-use LLMs,ASR,58,1,2407.16667,28
65,,,,,,,,,,PAP,,GPT-3.5-turbo-1106,,,40,,,,Jailbreak general-use LLMs,ANQ,9.1,1,2407.16667,29
66,,,,,,,,,,PAP,,GPT-4-1106-preview,,,40,,,,Jailbreak general-use LLMs,ASR,92,1,2407.16667,30
67,,,,,,,,,,PAP,,GPT-4-1106-preview,,,40,,,,Jailbreak general-use LLMs,ANQ,5.63,1,2407.16667,31
68,,,,,,,,,,PAP,,Gemini-Pro,,,40,,,,Jailbreak general-use LLMs,ASR,96,1,2407.16667,32
69,,,,,,,,,,PAP,,Gemini-Pro,,,40,,,,Jailbreak general-use LLMs,ANQ,2.1,1,2407.16667,33
70,,,,,,,,,,PAP,,Claude-3.5-sonnet,,,40,,,,Jailbreak general-use LLMs,ASR,16,1,2407.16667,34
71,,,,,,,,,,PAP,,Claude-3.5-sonnet,,,40,,,,Jailbreak general-use LLMs,ANQ,11.75,1,2407.16667,35
72,,,,,,,,,,GPTFuzzer,,Vicuna-7b-v1.5,,,40,,,,Jailbreak general-use LLMs,ASR,100,1,2407.16667,36
73,,,,,,,,,,GPTFuzzer,,Vicuna-7b-v1.5,,,40,,,,Jailbreak general-use LLMs,ANQ,1.2,1,2407.16667,37
74,,,,,,,,,,GPTFuzzer,,LLaMa-2-7b-chat-hf,,,40,,,,Jailbreak general-use LLMs,ASR,62,1,2407.16667,38
75,,,,,,,,,,GPTFuzzer,,LLaMa-2-7b-chat-hf,,,40,,,,Jailbreak general-use LLMs,ANQ,17.26,1,2407.16667,39
76,,,,,,,,50,,GPTFuzzer,,GPT-3.5-turbo-1106,,,40,,,,Jailbreak general-use LLMs,ASR,50,1,2407.16667,40
77,,,,,,,,,,GPTFuzzer,,GPT-3.5-turbo-1106,,,40,,,,Jailbreak general-use LLMs,ANQ,15.04,1,2407.16667,41
78,,,,,,,,,,GPTFuzzer,,GPT-4-1106-preview,,,40,,,,Jailbreak general-use LLMs,ASR,12,1,2407.16667,42
79,,,,,,,,,,GPTFuzzer,,GPT-4-1106-preview,,,40,,,,Jailbreak general-use LLMs,ANQ,9.17,1,2407.16667,43
80,,,,,,,,,,GPTFuzzer,,Gemini-Pro,,,40,,,,Jailbreak general-use LLMs,ASR,98,1,2407.16667,44
81,,,,,,,,,,GPTFuzzer,,Gemini-Pro,,,40,,,,Jailbreak general-use LLMs,ANQ,2.306,1,2407.16667,45
82,,,,,,,,0,,GPTFuzzer,,Claude-3.5-sonnet,,,40,,,,Jailbreak general-use LLMs,ASR,0,1,2407.16667,46
83,,,,,,,,,,GPTFuzzer,,Claude-3.5-sonnet,,,40,,,,Jailbreak general-use LLMs,ANQ,N/A,1,2407.16667,47
84,,,,,,,,,,RedAgent (Ours),,Vicuna-7b-v1.5,,,40,,,,Jailbreak general-use LLMs,ASR,100,1,2407.16667,48
85,,,,,,,,,,RedAgent (Ours),,Vicuna-7b-v1.5,,,40,,,,Jailbreak general-use LLMs,ANQ,2.68,1,2407.16667,49
86,,,,,,,,,,RedAgent (Ours),,LLaMa-2-7b-chat-hf,,,40,,,,Jailbreak general-use LLMs,ASR,92,1,2407.16667,50
87,,,,,,,,,,RedAgent (Ours),,LLaMa-2-7b-chat-hf,,,40,,,,Jailbreak general-use LLMs,ANQ,6.89,1,2407.16667,51
88,,,,,,,,,,RedAgent (Ours),,GPT-3.5-turbo-1106,,,40,,,,Jailbreak general-use LLMs,ASR,96,1,2407.16667,52
89,,,,,,,,,,RedAgent (Ours),,GPT-3.5-turbo-1106,,,40,,,,Jailbreak general-use LLMs,ANQ,5.73,1,2407.16667,53
90,,,,,,,,,,RedAgent (Ours),,GPT-4-1106-preview,,,40,,,,Jailbreak general-use LLMs,ASR,100,1,2407.16667,54
91,,,,,,,,,,RedAgent (Ours),,GPT-4-1106-preview,,,40,,,,Jailbreak general-use LLMs,ANQ,3.76,1,2407.16667,55
92,,,,,,,,,,RedAgent (Ours),,Gemini-Pro,,,40,,,,Jailbreak general-use LLMs,ASR,100,1,2407.16667,56
93,,,,,,,,,,RedAgent (Ours),,Gemini-Pro,,,40,,,,Jailbreak general-use LLMs,ANQ,3.76,1,2407.16667,57
94,,,,,,,,,,RedAgent (Ours),,Claude-3.5-sonnet,,,40,,,,Jailbreak general-use LLMs,ASR,74,1,2407.16667,58
95,,,,,,,,,,RedAgent (Ours),,Claude-3.5-sonnet,,,40,,,,Jailbreak general-use LLMs,ANQ,9.54,1,2407.16667,59
96,,,,Spider,,,,,,,,CodeLlama-13B,Re-ranking,,,,,,text-to-SQL parsing,Accuracy,57.5,3,2402.10890,0
97,,,,Spider,,,,,,,,CodeLlama-13B,Iterative Correction,,,,,,text-to-SQL parsing,Accuracy,51.7,3,2402.10890,1
98,,,,Spider,,,,,,,,CodeLlama-13B,Tree Search,,,,,,text-to-SQL parsing,Accuracy,55.5,3,2402.10890,2
99,,,,Spider,,,,,,,,CodeLlama-13B,Advanced Planning,,,,,,text-to-SQL parsing,Accuracy,nan,3,2402.10890,3
100,,,,Bird,,,,,,,,GPT-3.5-Turbo,Re-ranking,,,,,,text-to-SQL parsing,Accuracy,13.3,3,2402.10890,4
101,,,,Bird,,,,,,,,GPT-3.5-Turbo,Iterative Correction,,,,,,text-to-SQL parsing,Accuracy,13.3,3,2402.10890,5
102,,,,Bird,,,,,,,,GPT-3.5-Turbo,Tree Search,,,,,,text-to-SQL parsing,Accuracy,13.3,3,2402.10890,6
103,,,,Bird,,,,,,,,GPT-3.5-Turbo,Advanced Planning,,,,,,text-to-SQL parsing,Accuracy,nan,3,2402.10890,7
104,,,,Spider,,,,,,,,CodeLlama-13B-FT,Re-ranking,,,,,,text-to-SQL parsing,Accuracy,61.5,3,2402.10890,8
105,,,,Spider,,,,,,,,CodeLlama-13B-FT,Iterative Correction,,,,,,text-to-SQL parsing,Accuracy,51.7,3,2402.10890,9
106,,,,Spider,,,,,,,,CodeLlama-13B-FT,Tree Search,,,,,,text-to-SQL parsing,Accuracy,56.0,3,2402.10890,10
107,,,,Spider,,,,,,,,CodeLlama-13B-FT,Advanced Planning,,,,,,text-to-SQL parsing,Accuracy,67.5,3,2402.10890,11
108,,,,Bird,,,,,,,,CodeLlama-13B (E),Re-ranking,,,,,,text-to-SQL parsing,Accuracy,14.3,3,2402.10890,12
109,,,,Bird,,,,,,,,CodeLlama-13B (E),Iterative Correction,,,,,,text-to-SQL parsing,Accuracy,13.0,3,2402.10890,13
110,,,,Bird,,,,,,,,CodeLlama-13B (E),Tree Search,,,,,,text-to-SQL parsing,Accuracy,13.0,3,2402.10890,14
111,,,,Bird,,,,,,,,CodeLlama-13B (E),Advanced Planning,,,,,,text-to-SQL parsing,Accuracy,23.7,3,2402.10890,15
112,,,,Spider,,,,,,,,GPT-3.5-Turbo (E),Re-ranking,,,,,,text-to-SQL parsing,Accuracy,65.5,3,2402.10890,16
113,,,,Spider,,,,,,,,GPT-3.5-Turbo (E),Iterative Correction,,,,,,text-to-SQL parsing,Accuracy,62.0,3,2402.10890,17
114,,,,Spider,,,,,,,,GPT-3.5-Turbo (E),Tree Search,,,,,,text-to-SQL parsing,Accuracy,62.5,3,2402.10890,18
115,,,,Spider,,,,,,,,GPT-3.5-Turbo (E),Advanced Planning,,,,,,text-to-SQL parsing,Accuracy,70.3,3,2402.10890,19
116,,,,Bird,,,,,,,,CodeLlama-13B-FT (E),Re-ranking,,,,,,text-to-SQL parsing,Accuracy,21.0,3,2402.10890,20
117,,,,Bird,,,,,,,,CodeLlama-13B-FT (E),Iterative Correction,,,,,,text-to-SQL parsing,Accuracy,24.3,3,2402.10890,21
118,,,,Bird,,,,,,,,CodeLlama-13B-FT (E),Tree Search,,,,,,text-to-SQL parsing,Accuracy,22.7,3,2402.10890,22
119,,,,Bird,,,,,,,,CodeLlama-13B-FT (E),Advanced Planning,,,,,,text-to-SQL parsing,Accuracy,26.3,3,2402.10890,23
120,,,,ML-1M,,,,,,Manual prompts,,,,,,,,,Ablation study on RPP+,N@1,0.03,5,2407.17115,0
121,,,,ML-1M,,,,,,Manual prompts,,,,,,,,,Ablation study on RPP+,N@5,0.35,5,2407.17115,1
122,,,,ML-1M,,,,,,Manual prompts,,,,,,,,,Ablation study on RPP+,N@10,0.41,5,2407.17115,2
123,,,,Games,,,,,,Manual prompts,,,,,,,,,Ablation study on RPP+,N@1,0.04,5,2407.17115,3
124,,,,Games,,,,,,Manual prompts,,,,,,,,,Ablation study on RPP+,N@5,0.36,5,2407.17115,4
125,,,,Games,,,,,,Manual prompts,,,,,,,,,Ablation study on RPP+,N@10,0.42,5,2407.17115,5
126,,,,Lastfm,,,,,,Manual prompts,,,,,,,,,Ablation study on RPP+,N@1,0.75,5,2407.17115,6
127,,,,Lastfm,,,,,,Manual prompts,,,,,,,,,Ablation study on RPP+,N@5,0.82,5,2407.17115,7
128,,,,Lastfm,,,,,,Manual prompts,,,,,,,,,Ablation study on RPP+,N@10,0.84,5,2407.17115,8
129,,,,ML-1M,,,,,,Enumeration,,,,,,,,,Ablation study on RPP+,N@1,0.67,5,2407.17115,9
130,,,,ML-1M,,,,,,Enumeration,,,,,,,,,Ablation study on RPP+,N@5,0.73,5,2407.17115,10
131,,,,ML-1M,,,,,,Enumeration,,,,,,,,,Ablation study on RPP+,N@10,0.78,5,2407.17115,11
132,,,,Games,,,,,,Enumeration,,,,,,,,,Ablation study on RPP+,N@1,0.78,5,2407.17115,12
133,,,,Games,,,,,,Enumeration,,,,,,,,,Ablation study on RPP+,N@5,0.83,5,2407.17115,13
134,,,,Games,,,,,,Enumeration,,,,,,,,,Ablation study on RPP+,N@10,0.85,5,2407.17115,14
135,,,,Lastfm,,,,,,Enumeration,,,,,,,,,Ablation study on RPP+,N@1,0.72,5,2407.17115,15
136,,,,Lastfm,,,,,,Enumeration,,,,,,,,,Ablation study on RPP+,N@5,0.77,5,2407.17115,16
137,,,,Lastfm,,,,,,Enumeration,,,,,,,,,Ablation study on RPP+,N@10,0.80,5,2407.17115,17
138,,,,ML-1M,,,,,,Role-playing+,,,,,,,,,Ablation study on RPP+,N@1,0.82,5,2407.17115,18
139,,,,ML-1M,,,,,,Role-playing+,,,,,,,,,Ablation study on RPP+,N@5,0.85,5,2407.17115,19
140,,,,ML-1M,,,,,,Role-playing+,,,,,,,,,Ablation study on RPP+,N@10,0.87,5,2407.17115,20
141,,,,Games,,,,,,Role-playing+,,,,,,,,,Ablation study on RPP+,N@1,0.04,5,2407.17115,21
142,,,,Games,,,,,,Role-playing+,,,,,,,,,Ablation study on RPP+,N@5,0.30,5,2407.17115,22
143,,,,Games,,,,,,Role-playing+,,,,,,,,,Ablation study on RPP+,N@10,0.35,5,2407.17115,23
144,,,,Lastfm,,,,,,Role-playing+,,,,,,,,,Ablation study on RPP+,N@1,0.04,5,2407.17115,24
145,,,,Lastfm,,,,,,Role-playing+,,,,,,,,,Ablation study on RPP+,N@5,0.34,5,2407.17115,25
146,,,,Lastfm,,,,,,Role-playing+,,,,,,,,,Ablation study on RPP+,N@10,0.37,5,2407.17115,26
147,,,,ML-1M,,,,,,History records+,,,,,,,,,Ablation study on RPP+,N@1,0.74,5,2407.17115,27
148,,,,ML-1M,,,,,,History records+,,,,,,,,,Ablation study on RPP+,N@5,0.79,5,2407.17115,28
149,,,,ML-1M,,,,,,History records+,,,,,,,,,Ablation study on RPP+,N@10,0.82,5,2407.17115,29
150,,,,Games,,,,,,History records+,,,,,,,,,Ablation study on RPP+,N@1,0.66,5,2407.17115,30
151,,,,Games,,,,,,History records+,,,,,,,,,Ablation study on RPP+,N@5,0.74,5,2407.17115,31
152,,,,Games,,,,,,History records+,,,,,,,,,Ablation study on RPP+,N@10,0.81,5,2407.17115,32
153,,,,Lastfm,,,,,,History records+,,,,,,,,,Ablation study on RPP+,N@1,0.74,5,2407.17115,33
154,,,,Lastfm,,,,,,History records+,,,,,,,,,Ablation study on RPP+,N@5,0.78,5,2407.17115,34
155,,,,Lastfm,,,,,,History records+,,,,,,,,,Ablation study on RPP+,N@10,0.81,5,2407.17115,35
156,,,,ML-1M,,,,,,Reasoning guidance+,,,,,,,,,Ablation study on RPP+,N@1,0.76,5,2407.17115,36
157,,,,ML-1M,,,,,,Reasoning guidance+,,,,,,,,,Ablation study on RPP+,N@5,0.79,5,2407.17115,37
158,,,,ML-1M,,,,,,Reasoning guidance+,,,,,,,,,Ablation study on RPP+,N@10,0.80,5,2407.17115,38
159,,,,Games,,,,,,Reasoning guidance+,,,,,,,,,Ablation study on RPP+,N@1,0.83,5,2407.17115,39
160,,,,Games,,,,,,Reasoning guidance+,,,,,,,,,Ablation study on RPP+,N@5,0.85,5,2407.17115,40
161,,,,Games,,,,,,Reasoning guidance+,,,,,,,,,Ablation study on RPP+,N@10,0.86,5,2407.17115,41
162,,,,Lastfm,,,,,,Reasoning guidance+,,,,,,,,,Ablation study on RPP+,N@1,0.05,5,2407.17115,42
163,,,,Lastfm,,,,,,Reasoning guidance+,,,,,,,,,Ablation study on RPP+,N@5,0.39,5,2407.17115,43
164,,,,Lastfm,,,,,,Reasoning guidance+,,,,,,,,,Ablation study on RPP+,N@10,0.43,5,2407.17115,44
165,,,,ML-1M,,,,,,Output format+,,,,,,,,,Ablation study on RPP+,N@1,0.05,5,2407.17115,45
166,,,,ML-1M,,,,,,Output format+,,,,,,,,,Ablation study on RPP+,N@5,0.40,5,2407.17115,46
167,,,,ML-1M,,,,,,Output format+,,,,,,,,,Ablation study on RPP+,N@10,0.44,5,2407.17115,47
168,,,,Games,,,,,,Output format+,,,,,,,,,Ablation study on RPP+,N@1,0.74,5,2407.17115,48
169,,,,Games,,,,,,Output format+,,,,,,,,,Ablation study on RPP+,N@5,0.79,5,2407.17115,49
170,,,,Games,,,,,,Output format+,,,,,,,,,Ablation study on RPP+,N@10,0.86,5,2407.17115,50
171,,,,Lastfm,,,,,,Output format+,,,,,,,,,Ablation study on RPP+,N@1,0.79,5,2407.17115,51
172,,,,Lastfm,,,,,,Output format+,,,,,,,,,Ablation study on RPP+,N@5,0.81,5,2407.17115,52
173,,,,Lastfm,,,,,,Output format+,,,,,,,,,Ablation study on RPP+,N@10,0.89,5,2407.17115,53
174,,,,ML-1M,,,,,,RPP+,,,,,,,,,Ablation study on RPP+,N@1,0.74,5,2407.17115,54
175,,,,ML-1M,,,,,,RPP+,,,,,,,,,Ablation study on RPP+,N@5,0.78,5,2407.17115,55
176,,,,ML-1M,,,,,,RPP+,,,,,,,,,Ablation study on RPP+,N@10,0.83,5,2407.17115,56
177,,,,Games,,,,,,RPP+,,,,,,,,,Ablation study on RPP+,N@1,0.84,5,2407.17115,57
178,,,,Games,,,,,,RPP+,,,,,,,,,Ablation study on RPP+,N@5,0.87,5,2407.17115,58
179,,,,Games,,,,,,RPP+,,,,,,,,,Ablation study on RPP+,N@10,0.91,5,2407.17115,59
180,,,,Lastfm,,,,,,RPP+,,,,,,,,,Ablation study on RPP+,N@1,0.93,5,2407.17115,60
181,,,,Lastfm,,,,,,RPP+,,,,,,,,,Ablation study on RPP+,N@5,0.94,5,2407.17115,61
182,,,,Lastfm,,,,,,RPP+,,,,,,,,,Ablation study on RPP+,N@10,0.95,5,2407.17115,62
183,,,,,Love,,,,,,,Ensemble-19,,,,,,,Emotion Detection,F1-score,0.47,4,2405.17129,0
184,,,,,Love,,,,,,,Ensemble-19,,,,,,,Emotion Detection,Precision,0.55,4,2405.17129,1
185,,,,,Love,,,,,,,Ensemble-19,,,,,,,Emotion Detection,Recall,0.41,4,2405.17129,2
186,,,,,Love,,,,,,,Ensemble-19,,,,,,,Emotion Detection,Support,190,4,2405.17129,3
187,,,,,Joy,,,,,,,Ensemble-19,,,,,,,Emotion Detection,F1-score,0.63,4,2405.17129,4
188,,,,,Joy,,,,,,,Ensemble-19,,,,,,,Emotion Detection,Precision,0.55,4,2405.17129,5
189,,,,,Joy,,,,,,,Ensemble-19,,,,,,,Emotion Detection,Recall,0.74,4,2405.17129,6
190,,,,,Joy,,,,,,,Ensemble-19,,,,,,,Emotion Detection,Support,433,4,2405.17129,7
191,,,,,Anger,,,,,,,Ensemble-19,,,,,,,Emotion Detection,F1-score,0.73,4,2405.17129,8
192,,,,,Anger,,,,,,,Ensemble-19,,,,,,,Emotion Detection,Precision,0.76,4,2405.17129,9
193,,,,,Anger,,,,,,,Ensemble-19,,,,,,,Emotion Detection,Recall,0.7,4,2405.17129,10
194,,,,,Anger,,,,,,,Ensemble-19,,,,,,,Emotion Detection,Support,614,4,2405.17129,11
195,,,,,Fear,,,,,,,Ensemble-19,,,,,,,Emotion Detection,F1-score,0.53,4,2405.17129,12
196,,,,,Fear,,,,,,,Ensemble-19,,,,,,,Emotion Detection,Precision,0.44,4,2405.17129,13
197,,,,,Fear,,,,,,,Ensemble-19,,,,,,,Emotion Detection,Recall,0.68,4,2405.17129,14
198,,,,,Fear,,,,,,,Ensemble-19,,,,,,,Emotion Detection,Support,77,4,2405.17129,15
199,,,,,Sadness,,,,,,,Ensemble-19,,,,,,,Emotion Detection,F1-score,0.55,4,2405.17129,16
200,,,,,Sadness,,,,,,,Ensemble-19,,,,,,,Emotion Detection,Precision,0.56,4,2405.17129,17
201,,,,,Sadness,,,,,,,Ensemble-19,,,,,,,Emotion Detection,Recall,0.54,4,2405.17129,18
202,,,,,Sadness,,,,,,,Ensemble-19,,,,,,,Emotion Detection,Support,270,4,2405.17129,19
203,,,,,Neutral,,,,,,,Ensemble-19,,,,,,,Emotion Detection,F1-score,0.72,4,2405.17129,20
204,,,,,Neutral,,,,,,,Ensemble-19,,,,,,,Emotion Detection,Precision,0.76,4,2405.17129,21
205,,,,,Neutral,,,,,,,Ensemble-19,,,,,,,Emotion Detection,Recall,0.68,4,2405.17129,22
206,,,,,Neutral,,,,,,,Ensemble-19,,,,,,,Emotion Detection,Support,916,4,2405.17129,23
207,,,,,,,,,,,,GPT-3.5-turbo,,Prompt-1,,,,,zero-shot task-solving performance,CLIP Score,0.2106,3,2304.04370,0
208,,,,,,,,,,,,GPT-3.5-turbo,,Prompt-1,,,,,zero-shot task-solving performance,CLIP Score,0.0702,3,2304.04370,1
209,,,,,,,,,,,,GPT-3.5-turbo,,Prompt-2,,,,,zero-shot task-solving performance,CLIP Score,0.3013,3,2304.04370,2
210,,,,,,,,,,,,GPT-3.5-turbo,,Prompt-2,,,,,zero-shot task-solving performance,CLIP Score,0.271,3,2304.04370,3
211,,,,,,,,,,,,GPT-3.5-turbo,,Prompt-2,,,,,zero-shot task-solving performance,CLIP Score,0.1907,3,2304.04370,4
212,,,,,,,,,,,,Claude-2,,Prompt-1,,,,,zero-shot task-solving performance,CLIP Score,0.4088,3,2304.04370,5
213,,,,,,,,,,,,Claude-2,,Prompt-1,,,,,zero-shot task-solving performance,CLIP Score,0.6816,3,2304.04370,6
214,,,,,,,,,,,,Claude-2,,Prompt-1,,,,,zero-shot task-solving performance,CLIP Score,0.3635,3,2304.04370,7
215,,,,,,,,,,,,Claude-2,,Prompt-2,,,,,zero-shot task-solving performance,CLIP Score,0.2333,3,2304.04370,8
216,,,,,,,,,,,,Claude-2,,Prompt-2,,,,,zero-shot task-solving performance,CLIP Score,0.7957,3,2304.04370,9
217,,,,,,,,,,,,Claude-2,,Prompt-2,,,,,zero-shot task-solving performance,CLIP Score,0.343,3,2304.04370,10
218,,,,,,,,,,,,GPT-4,,Prompt-1,,,,,zero-shot task-solving performance,CLIP Score,0.4402,3,2304.04370,11
219,,,,,,,,,,,,GPT-4,,Prompt-1,,,,,zero-shot task-solving performance,CLIP Score,0.5497,3,2304.04370,12
220,,,,,,,,,,,,GPT-4,,Prompt-1,,,,,zero-shot task-solving performance,CLIP Score,0.3299,3,2304.04370,13
221,,,,,,,,,,,,GPT-4,,Prompt-2,,,,,zero-shot task-solving performance,CLIP Score,0.5595,3,2304.04370,14
222,,,,,,,,,,,,GPT-4,,Prompt-2,,,,,zero-shot task-solving performance,CLIP Score,0.5565,3,2304.04370,15
223,,,,,,,,,,,,GPT-4,,Prompt-2,,,,,zero-shot task-solving performance,CLIP Score,0.3717,3,2304.04370,16
224,,,,,,,,,,,,GPT-3.5-turbo,,Prompt-1,,,,,zero-shot task-solving performance,BERT Score,0.2106,3,2304.04370,17
225,,,,,,,,,,,,GPT-3.5-turbo,,Prompt-1,,,,,zero-shot task-solving performance,BERT Score,0.0702,3,2304.04370,18
226,,,,,,,,,,,,GPT-3.5-turbo,,Prompt-2,,,,,zero-shot task-solving performance,BERT Score,0.3013,3,2304.04370,19
227,,,,,,,,,,,,GPT-3.5-turbo,,Prompt-2,,,,,zero-shot task-solving performance,BERT Score,0.271,3,2304.04370,20
228,,,,,,,,,,,,GPT-3.5-turbo,,Prompt-2,,,,,zero-shot task-solving performance,BERT Score,0.1907,3,2304.04370,21
229,,,,,,,,,,,,Claude-2,,Prompt-1,,,,,zero-shot task-solving performance,BERT Score,0.4088,3,2304.04370,22
230,,,,,,,,,,,,Claude-2,,Prompt-1,,,,,zero-shot task-solving performance,BERT Score,0.6816,3,2304.04370,23
231,,,,,,,,,,,,Claude-2,,Prompt-1,,,,,zero-shot task-solving performance,BERT Score,0.3635,3,2304.04370,24
232,,,,,,,,,,,,Claude-2,,Prompt-2,,,,,zero-shot task-solving performance,BERT Score,0.2333,3,2304.04370,25
233,,,,,,,,,,,,Claude-2,,Prompt-2,,,,,zero-shot task-solving performance,BERT Score,0.7957,3,2304.04370,26
234,,,,,,,,,,,,Claude-2,,Prompt-2,,,,,zero-shot task-solving performance,BERT Score,0.343,3,2304.04370,27
235,,,,,,,,,,,,GPT-4,,Prompt-1,,,,,zero-shot task-solving performance,BERT Score,0.4402,3,2304.04370,28
236,,,,,,,,,,,,GPT-4,,Prompt-1,,,,,zero-shot task-solving performance,BERT Score,0.5497,3,2304.04370,29
237,,,,,,,,,,,,GPT-4,,Prompt-1,,,,,zero-shot task-solving performance,BERT Score,0.3299,3,2304.04370,30
238,,,,,,,,,,,,GPT-4,,Prompt-2,,,,,zero-shot task-solving performance,BERT Score,0.5595,3,2304.04370,31
239,,,,,,,,,,,,GPT-4,,Prompt-2,,,,,zero-shot task-solving performance,BERT Score,0.5565,3,2304.04370,32
240,,,,,,,,,,,,GPT-4,,Prompt-2,,,,,zero-shot task-solving performance,BERT Score,0.3717,3,2304.04370,33
241,,,,,,,,,,,,GPT-3.5-turbo,,Prompt-1,,,,,zero-shot task-solving performance,ViT Score,0.2106,3,2304.04370,34
242,,,,,,,,,,,,GPT-3.5-turbo,,Prompt-1,,,,,zero-shot task-solving performance,ViT Score,0.0702,3,2304.04370,35
243,,,,,,,,,,,,GPT-3.5-turbo,,Prompt-2,,,,,zero-shot task-solving performance,ViT Score,0.3013,3,2304.04370,36
244,,,,,,,,,,,,GPT-3.5-turbo,,Prompt-2,,,,,zero-shot task-solving performance,ViT Score,0.271,3,2304.04370,37
245,,,,,,,,,,,,GPT-3.5-turbo,,Prompt-2,,,,,zero-shot task-solving performance,ViT Score,0.1907,3,2304.04370,38
246,,,,,,,,,,,,Claude-2,,Prompt-1,,,,,zero-shot task-solving performance,ViT Score,0.4088,3,2304.04370,39
247,,,,,,,,,,,,Claude-2,,Prompt-1,,,,,zero-shot task-solving performance,ViT Score,0.6816,3,2304.04370,40
248,,,,,,,,,,,,Claude-2,,Prompt-1,,,,,zero-shot task-solving performance,ViT Score,0.3635,3,2304.04370,41
249,,,,,,,,,,,,Claude-2,,Prompt-2,,,,,zero-shot task-solving performance,ViT Score,0.2333,3,2304.04370,42
250,,,,,,,,,,,,Claude-2,,Prompt-2,,,,,zero-shot task-solving performance,ViT Score,0.7957,3,2304.04370,43
251,,,,,,,,,,,,Claude-2,,Prompt-2,,,,,zero-shot task-solving performance,ViT Score,0.343,3,2304.04370,44
252,,,,,,,,,,,,GPT-4,,Prompt-1,,,,,zero-shot task-solving performance,ViT Score,0.4402,3,2304.04370,45
253,,,,,,,,,,,,GPT-4,,Prompt-1,,,,,zero-shot task-solving performance,ViT Score,0.5497,3,2304.04370,46
254,,,,,,,,,,,,GPT-4,,Prompt-1,,,,,zero-shot task-solving performance,ViT Score,0.3299,3,2304.04370,47
255,,,,,,,,,,,,GPT-4,,Prompt-2,,,,,zero-shot task-solving performance,ViT Score,0.5595,3,2304.04370,48
256,,,,,,,,,,,,GPT-4,,Prompt-2,,,,,zero-shot task-solving performance,ViT Score,0.5565,3,2304.04370,49
257,,,,,,,,,,,,GPT-4,,Prompt-2,,,,,zero-shot task-solving performance,ViT Score,0.3717,3,2304.04370,50
258,,,,,,,,,,,,GPT-3.5-turbo,,Prompt-1,,,,,zero-shot task-solving performance,Overall,0.2106,3,2304.04370,51
259,,,,,,,,,,,,GPT-3.5-turbo,,Prompt-1,,,,,zero-shot task-solving performance,Overall,0.0702,3,2304.04370,52
260,,,,,,,,,,,,GPT-3.5-turbo,,Prompt-2,,,,,zero-shot task-solving performance,Overall,0.3013,3,2304.04370,53
261,,,,,,,,,,,,GPT-3.5-turbo,,Prompt-2,,,,,zero-shot task-solving performance,Overall,0.271,3,2304.04370,54
262,,,,,,,,,,,,GPT-3.5-turbo,,Prompt-2,,,,,zero-shot task-solving performance,Overall,0.1907,3,2304.04370,55
263,,,,,,,,,,,,Claude-2,,Prompt-1,,,,,zero-shot task-solving performance,Overall,0.4088,3,2304.04370,56
264,,,,,,,,,,,,Claude-2,,Prompt-1,,,,,zero-shot task-solving performance,Overall,0.6816,3,2304.04370,57
265,,,,,,,,,,,,Claude-2,,Prompt-1,,,,,zero-shot task-solving performance,Overall,0.3635,3,2304.04370,58
266,,,,,,,,,,,,Claude-2,,Prompt-2,,,,,zero-shot task-solving performance,Overall,0.2333,3,2304.04370,59
267,,,,,,,,,,,,Claude-2,,Prompt-2,,,,,zero-shot task-solving performance,Overall,0.7957,3,2304.04370,60
268,,,,,,,,,,,,Claude-2,,Prompt-2,,,,,zero-shot task-solving performance,Overall,0.343,3,2304.04370,61
269,,,,,,,,,,,,GPT-4,,Prompt-1,,,,,zero-shot task-solving performance,Overall,0.4402,3,2304.04370,62
270,,,,,,,,,,,,GPT-4,,Prompt-1,,,,,zero-shot task-solving performance,Overall,0.5497,3,2304.04370,63
271,,,,,,,,,,,,GPT-4,,Prompt-1,,,,,zero-shot task-solving performance,Overall,0.3299,3,2304.04370,64
272,,,,,,,,,,,,GPT-4,,Prompt-2,,,,,zero-shot task-solving performance,Overall,0.5595,3,2304.04370,65
273,,,,,,,,,,,,GPT-4,,Prompt-2,,,,,zero-shot task-solving performance,Overall,0.5565,3,2304.04370,66
274,,,,,,,,,,,,GPT-4,,Prompt-2,,,,,zero-shot task-solving performance,Overall,0.3717,3,2304.04370,67
275,,,,,,,,,,IO,,GPT-3.5,,,,,,,Creative Writing Task,Coherent Score,6.087 ± 2.229,2,2310.03965,0
276,,,,,,,,,,IO,,GPT-3.5,,,,,,,Creative Writing Task,User Study,14%,2,2310.03965,1
277,,,,,,,,,,IO,,GPT-4,,,,,,,Creative Writing Task,Coherent Score,6.193 ± 1.953,2,2310.03965,2
278,,,,,,,,,,IO,,GPT-4,,,,,,,Creative Writing Task,User Study,7%,2,2310.03965,3
279,,,,,,,,,,CoT,,GPT-3.5,,,,,,,Creative Writing Task,Coherent Score,6.654 ± 2.201,2,2310.03965,4
280,,,,,,,,,,CoT,,GPT-3.5,,,,,,,Creative Writing Task,User Study,21%,2,2310.03965,5
281,,,,,,,,,,CoT,,GPT-4,,,,,,,Creative Writing Task,Coherent Score,6.927 ± 1.508,2,2310.03965,6
282,,,,,,,,,,CoT,,GPT-4,,,,,,,Creative Writing Task,User Study,15%,2,2310.03965,7
283,,,,,,,,,,ToT,,GPT-3.5,,,,,,,Creative Writing Task,Coherent Score,6.856 ± 1.975,2,2310.03965,8
284,,,,,,,,,,ToT,,GPT-3.5,,,,,,,Creative Writing Task,User Study,26%,2,2310.03965,9
285,,,,,,,,,,ToT,,GPT-4,,,,,,,Creative Writing Task,Coherent Score,7.684 ± 1.141,2,2310.03965,10
286,,,,,,,,,,ToT,,GPT-4,,,,,,,Creative Writing Task,User Study,33%,2,2310.03965,11
287,,,,,,,,,,TP,,GPT-3.5,,,,,,,Creative Writing Task,Coherent Score,7.000 ± 1.783,2,2310.03965,12
288,,,,,,,,,,TP,,GPT-3.5,,,,,,,Creative Writing Task,User Study,39%,2,2310.03965,13
289,,,,,,,,,,TP,,GPT-4,,,,,,,Creative Writing Task,Coherent Score,7.989 ± 1.453,2,2310.03965,14
290,,,,,,,,,,TP,,GPT-4,,,,,,,Creative Writing Task,User Study,45%,2,2310.03965,15
291,,Combination-1,,DAN,,,,,,,,GPT-3.5,,,,,,,Attack Success Rate Evaluation,ASR,55.74,1,2403.04783,0
292,,Combination-1,,DAN,,,,,,,,Vicuna-13b,,,,,,,Attack Success Rate Evaluation,ASR,57.18,1,2403.04783,1
293,,Combination-1,,DAN,,,,,,,,LLaMA-2-70b,,,,,,,Attack Success Rate Evaluation,ASR,4.87,1,2403.04783,2
294,,Combination-1,,DAN,,,,,,,,mixtral-8x7b,,,,,,,Attack Success Rate Evaluation,ASR,40.77,1,2403.04783,3
295,,Prefix Injection,,DAN,,,,,,,,GPT-3.5,,,,,,,Attack Success Rate Evaluation,ASR,34.36,1,2403.04783,4
296,,Prefix Injection,,DAN,,,,,,,,Vicuna-13b,,,,,,,Attack Success Rate Evaluation,ASR,51.03,1,2403.04783,5
297,,Prefix Injection,,DAN,,,,,,,,LLaMA-2-70b,,,,,,,Attack Success Rate Evaluation,ASR,6.41,1,2403.04783,6
298,,Prefix Injection,,DAN,,,,,,,,mixtral-8x7b,,,,,,,Attack Success Rate Evaluation,ASR,49.23,1,2403.04783,7
299,,Refusal Suppression,,DAN,,,,,,,,GPT-3.5,,,,,,,Attack Success Rate Evaluation,ASR,29.74,1,2403.04783,8
300,,Refusal Suppression,,DAN,,,,,,,,Vicuna-13b,,,,,,,Attack Success Rate Evaluation,ASR,51.54,1,2403.04783,9
301,,Refusal Suppression,,DAN,,,,,,,,LLaMA-2-70b,,,,,,,Attack Success Rate Evaluation,ASR,5.13,1,2403.04783,10
302,,Refusal Suppression,,DAN,,,,,,,,mixtral-8x7b,,,,,,,Attack Success Rate Evaluation,ASR,31.28,1,2403.04783,11
303,,Combination-2,,DAN,,,,,,,,GPT-3.5,,,,,,,Attack Success Rate Evaluation,ASR,36.41,1,2403.04783,12
304,,Combination-2,,DAN,,,,,,,,Vicuna-13b,,,,,,,Attack Success Rate Evaluation,ASR,3.85,1,2403.04783,13
305,,Combination-2,,DAN,,,,,,,,LLaMA-2-70b,,,,,,,Attack Success Rate Evaluation,ASR,2.05,1,2403.04783,14
306,,Combination-2,,DAN,,,,,,,,mixtral-8x7b,,,,,,,Attack Success Rate Evaluation,ASR,1.03,1,2403.04783,15
307,,AIM,,DAN,,,,,,,,GPT-3.5,,,,,,,Attack Success Rate Evaluation,ASR,0.0,1,2403.04783,16
308,,AIM,,DAN,,,,,,,,Vicuna-13b,,,,,,,Attack Success Rate Evaluation,ASR,64.87,1,2403.04783,17
309,,AIM,,DAN,,,,,,,,LLaMA-2-70b,,,,,,,Attack Success Rate Evaluation,ASR,7.18,1,2403.04783,18
310,,AIM,,DAN,,,,,,,,mixtral-8x7b,,,,,,,Attack Success Rate Evaluation,ASR,58.72,1,2403.04783,19
311,,,,DAN,,,,,,,,GPT-3.5,,,,,,,Attack Success Rate Evaluation,ASR,2.82,1,2403.04783,20
312,,,,DAN,,,,,,,,Vicuna-13b,,,,,,,Attack Success Rate Evaluation,ASR,8.72,1,2403.04783,21
313,,,,DAN,,,,,,,,LLaMA-2-70b,,,,,,,Attack Success Rate Evaluation,ASR,0.51,1,2403.04783,22
314,,,,DAN,,,,,,,,mixtral-8x7b,,,,,,,Attack Success Rate Evaluation,ASR,7.95,1,2403.04783,23
315,,,,,,,,,,,,Speech-GPT3.5,,,,,,,Performance evaluation,BERTScore,53.03±10.20,1,2406.12707,0
316,,,,,,,,,,,,Speech-GPT3.5,,,,,,,Performance evaluation,Accuracy,0.74,1,2406.12707,1
317,,,,,,,,,,,,PerceptiveAgent,,,,,,,Performance evaluation,BERTScore,54.36±9.25,1,2406.12707,2
318,,,,,,,,,,,,PerceptiveAgent,,,,,,,Performance evaluation,Accuracy,21.89,1,2406.12707,3
319,,,,,,,,,,,,PerceptiveAgent -w/o captions,,,,,,,Performance evaluation,BERTScore,-,1,2406.12707,4
320,,,,,,,,,,,,PerceptiveAgent -w/o captions,,,,,,,Performance evaluation,Accuracy,16.53,1,2406.12707,5
321,,,,,,,,,,,,Flan-T5-Large,,,,,Zero,,OpenAGI,CLIP Score,0.0,2,2304.04370,0
322,,,,,,,,,,,,Flan-T5-Large,,,,,Few,,OpenAGI,CLIP Score,0.0,2,2304.04370,1
323,,,,,,,,,,,,Flan-T5-Large,,,,,Fine-tuning,,OpenAGI,CLIP Score,0.0,2,2304.04370,2
324,,,,,,,,,,,,Flan-T5-Large,,,,,RLTF,,OpenAGI,CLIP Score,0.0,2,2304.04370,3
325,,,,,,,,,,,,Vicuna-7B,,,,,Zero,,OpenAGI,CLIP Score,0.0,2,2304.04370,4
326,,,,,,,,,,,,Vicuna-7B,,,,,Few,,OpenAGI,CLIP Score,0.0,2,2304.04370,5
327,,,,,,,,,,,,Vicuna-7B,,,,,Fine-tuning,,OpenAGI,CLIP Score,0.0,2,2304.04370,6
328,,,,,,,,,,,,Vicuna-7B,,,,,RLTF,,OpenAGI,CLIP Score,0.0,2,2304.04370,7
329,,,,,,,,,,,,LLaMA-2-13B,,,,,Zero,,OpenAGI,CLIP Score,0.0,2,2304.04370,8
330,,,,,,,,,,,,LLaMA-2-13B,,,,,Few,,OpenAGI,CLIP Score,0.0612,2,2304.04370,9
331,,,,,,,,,,,,LLaMA-2-13B,,,,,Fine-tuning,,OpenAGI,CLIP Score,0.0608,2,2304.04370,10
332,,,,,,,,,,,,LLaMA-2-13B,,,,,RLTF,,OpenAGI,CLIP Score,0.122,2,2304.04370,11
333,,,,,,,,,,,,Flan-T5-Large,,,,,Zero,,OpenAGI,BERT Score,0.0,2,2304.04370,12
334,,,,,,,,,,,,Flan-T5-Large,,,,,Few,,OpenAGI,BERT Score,0.2488,2,2304.04370,13
335,,,,,,,,,,,,Flan-T5-Large,,,,,Fine-tuning,,OpenAGI,BERT Score,0.0,2,2304.04370,14
336,,,,,,,,,,,,Flan-T5-Large,,,,,RLTF,,OpenAGI,BERT Score,0.0655,2,2304.04370,15
337,,,,,,,,,,,,Vicuna-7B,,,,,Zero,,OpenAGI,BERT Score,0.0513,2,2304.04370,16
338,,,,,,,,,,,,Vicuna-7B,,,,,Few,,OpenAGI,BERT Score,0.0,2,2304.04370,17
339,,,,,,,,,,,,Vicuna-7B,,,,,Fine-tuning,,OpenAGI,BERT Score,0.1212,2,2304.04370,18
340,,,,,,,,,,,,Vicuna-7B,,,,,RLTF,,OpenAGI,BERT Score,0.1756,2,2304.04370,19
341,,,,,,,,,,,,LLaMA-2-13B,,,,,Zero,,OpenAGI,BERT Score,0.0986,2,2304.04370,20
342,,,,,,,,,,,,LLaMA-2-13B,,,,,Few,,OpenAGI,BERT Score,0.2281,2,2304.04370,21
343,,,,,,,,,,,,LLaMA-2-13B,,,,,Fine-tuning,,OpenAGI,BERT Score,0.157,2,2304.04370,22
344,,,,,,,,,,,,LLaMA-2-13B,,,,,RLTF,,OpenAGI,BERT Score,0.2401,2,2304.04370,23
345,,,,,,,,,,,,Flan-T5-Large,,,,,Zero,,OpenAGI,ViT Score,0.0,2,2304.04370,24
346,,,,,,,,,,,,Flan-T5-Large,,,,,Few,,OpenAGI,ViT Score,0.0,2,2304.04370,25
347,,,,,,,,,,,,Flan-T5-Large,,,,,Fine-tuning,,OpenAGI,ViT Score,0.6316,2,2304.04370,26
348,,,,,,,,,,,,Flan-T5-Large,,,,,RLTF,,OpenAGI,ViT Score,0.6978,2,2304.04370,27
349,,,,,,,,,,,,Vicuna-7B,,,,,Zero,,OpenAGI,ViT Score,0.1704,2,2304.04370,28
350,,,,,,,,,,,,Vicuna-7B,,,,,Few,,OpenAGI,ViT Score,0.4285,2,2304.04370,29
351,,,,,,,,,,,,Vicuna-7B,,,,,Fine-tuning,,OpenAGI,ViT Score,0.5507,2,2304.04370,30
352,,,,,,,,,,,,Vicuna-7B,,,,,RLTF,,OpenAGI,ViT Score,0.73,2,2304.04370,31
353,,,,,,,,,,,,LLaMA-2-13B,,,,,Zero,,OpenAGI,ViT Score,0.3614,2,2304.04370,32
354,,,,,,,,,,,,LLaMA-2-13B,,,,,Few,,OpenAGI,ViT Score,0.2558,2,2304.04370,33
355,,,,,,,,,,,,LLaMA-2-13B,,,,,Fine-tuning,,OpenAGI,ViT Score,0.6723,2,2304.04370,34
356,,,,,,,,,,,,LLaMA-2-13B,,,,,RLTF,,OpenAGI,ViT Score,0.7584,2,2304.04370,35
357,,,,,,,,,,,,Flan-T5-Large,,,,,Zero,,OpenAGI,Overall,0.0,2,2304.04370,36
358,,,,,,,,,,,,Flan-T5-Large,,,,,Few,,OpenAGI,Overall,0.0829,2,2304.04370,37
359,,,,,,,,,,,,Flan-T5-Large,,,,,Fine-tuning,,OpenAGI,Overall,0.2105,2,2304.04370,38
360,,,,,,,,,,,,Flan-T5-Large,,,,,RLTF,,OpenAGI,Overall,0.2544,2,2304.04370,39
361,,,,,,,,,,,,Vicuna-7B,,,,,Zero,,OpenAGI,Overall,0.0739,2,2304.04370,40
362,,,,,,,,,,,,Vicuna-7B,,,,,Few,,OpenAGI,Overall,0.1428,2,2304.04370,41
363,,,,,,,,,,,,Vicuna-7B,,,,,Fine-tuning,,OpenAGI,Overall,0.2239,2,2304.04370,42
364,,,,,,,,,,,,Vicuna-7B,,,,,RLTF,,OpenAGI,Overall,0.3018,2,2304.04370,43
365,,,,,,,,,,,,LLaMA-2-13B,,,,,Zero,,OpenAGI,Overall,0.1533,2,2304.04370,44
366,,,,,,,,,,,,LLaMA-2-13B,,,,,Few,,OpenAGI,Overall,0.1817,2,2304.04370,45
367,,,,,,,,,,,,LLaMA-2-13B,,,,,Fine-tuning,,OpenAGI,Overall,0.2967,2,2304.04370,46
368,,,,,,,,,,,,LLaMA-2-13B,,,,,RLTF,,OpenAGI,Overall,0.3735,2,2304.04370,47
369,,,,Spider,,,,,,,,CodeLlama-7B,,,,,,,text-to-SQL parsing,Acc,54.0,1,2402.10890,0
370,,,,Spider,,,,,,,,CodeLlama-7B,,,,,,,text-to-SQL parsing,F1,37.1,1,2402.10890,1
371,,,,Spider,,,,,,,,CodeLlama-7B,,,,,,,text-to-SQL parsing,H@1,56.0,1,2402.10890,2
372,,,,Spider,,,,,,,,CodeLlama-7B,,,,,,,text-to-SQL parsing,MRR,62.3,1,2402.10890,3
373,,,,Bird,,,,,,,,CodeLlama-7B,,,,,,,discrimination abilities,Acc,44.6,1,2402.10890,4
374,,,,Bird,,,,,,,,CodeLlama-7B,,,,,,,discrimination abilities,F1,46.7,1,2402.10890,5
375,,,,Bird,,,,,,,,CodeLlama-7B,,,,,,,discrimination abilities,H@1,13.0,1,2402.10890,6
376,,,,Bird,,,,,,,,CodeLlama-7B,,,,,,,discrimination abilities,MRR,18.0,1,2402.10890,7
377,,,,GSM8K,,,,,,,,CodeLlama-7B,,,,,,,discrimination abilities,Acc,48.6,1,2402.10890,8
378,,,,GSM8K,,,,,,,,CodeLlama-7B,,,,,,,discrimination abilities,F1,38.7,1,2402.10890,9
379,,,,GSM8K,,,,,,,,CodeLlama-7B,,,,,,,discrimination abilities,H@1,36.2,1,2402.10890,10
380,,,,GSM8K,,,,,,,,CodeLlama-7B,,,,,,,discrimination abilities,MRR,46.9,1,2402.10890,11
381,,,,Spider,,,,,,,,CodeLlama-13B,,,,,,,text-to-SQL parsing,Acc,58.2,1,2402.10890,12
382,,,,Spider,,,,,,,,CodeLlama-13B,,,,,,,text-to-SQL parsing,F1,37.1,1,2402.10890,13
383,,,,Spider,,,,,,,,CodeLlama-13B,,,,,,,text-to-SQL parsing,H@1,57.0,1,2402.10890,14
384,,,,Spider,,,,,,,,CodeLlama-13B,,,,,,,text-to-SQL parsing,MRR,63.1,1,2402.10890,15
385,,,,Bird,,,,,,,,CodeLlama-13B,,,,,,,discrimination abilities,Acc,49.4,1,2402.10890,16
386,,,,Bird,,,,,,,,CodeLlama-13B,,,,,,,discrimination abilities,F1,46.7,1,2402.10890,17
387,,,,Bird,,,,,,,,CodeLlama-13B,,,,,,,discrimination abilities,H@1,12.7,1,2402.10890,18
388,,,,Bird,,,,,,,,CodeLlama-13B,,,,,,,discrimination abilities,MRR,18.3,1,2402.10890,19
389,,,,GSM8K,,,,,,,,CodeLlama-13B,,,,,,,discrimination abilities,Acc,62.2,1,2402.10890,20
390,,,,GSM8K,,,,,,,,CodeLlama-13B,,,,,,,discrimination abilities,F1,38.7,1,2402.10890,21
391,,,,GSM8K,,,,,,,,CodeLlama-13B,,,,,,,discrimination abilities,H@1,41.8,1,2402.10890,22
392,,,,GSM8K,,,,,,,,CodeLlama-13B,,,,,,,discrimination abilities,MRR,51.0,1,2402.10890,23
393,,,,Spider,,,,,,,,CodeLlama-7B-FT,,,,,,,text-to-SQL parsing,Acc,62.4,1,2402.10890,24
394,,,,Spider,,,,,,,,CodeLlama-7B-FT,,,,,,,text-to-SQL parsing,F1,60.3,1,2402.10890,25
395,,,,Spider,,,,,,,,CodeLlama-7B-FT,,,,,,,text-to-SQL parsing,H@1,59.5,1,2402.10890,26
396,,,,Spider,,,,,,,,CodeLlama-7B-FT,,,,,,,text-to-SQL parsing,MRR,64.6,1,2402.10890,27
397,,,,Bird,,,,,,,,CodeLlama-7B-FT,,,,,,,discrimination abilities,Acc,52.4,1,2402.10890,28
398,,,,Bird,,,,,,,,CodeLlama-7B-FT,,,,,,,discrimination abilities,F1,46.7,1,2402.10890,29
399,,,,Bird,,,,,,,,CodeLlama-7B-FT,,,,,,,discrimination abilities,H@1,14.3,1,2402.10890,30
400,,,,Bird,,,,,,,,CodeLlama-7B-FT,,,,,,,discrimination abilities,MRR,19.1,1,2402.10890,31
401,,,,GSM8K,,,,,,,,CodeLlama-7B-FT,,,,,,,discrimination abilities,Acc,nan,1,2402.10890,32
402,,,,GSM8K,,,,,,,,CodeLlama-7B-FT,,,,,,,discrimination abilities,F1,nan,1,2402.10890,33
403,,,,GSM8K,,,,,,,,CodeLlama-7B-FT,,,,,,,discrimination abilities,H@1,nan,1,2402.10890,34
404,,,,GSM8K,,,,,,,,CodeLlama-7B-FT,,,,,,,discrimination abilities,MRR,nan,1,2402.10890,35
405,,,,Spider,,,,,,,,CodeLlama-13B-FT,,,,,,,text-to-SQL parsing,Acc,69.7,1,2402.10890,36
406,,,,Spider,,,,,,,,CodeLlama-13B-FT,,,,,,,text-to-SQL parsing,F1,67.2,1,2402.10890,37
407,,,,Spider,,,,,,,,CodeLlama-13B-FT,,,,,,,text-to-SQL parsing,H@1,61.3,1,2402.10890,38
408,,,,Spider,,,,,,,,CodeLlama-13B-FT,,,,,,,text-to-SQL parsing,MRR,65.7,1,2402.10890,39
409,,,,Bird,,,,,,,,CodeLlama-13B-FT,,,,,,,discrimination abilities,Acc,62.1,1,2402.10890,40
410,,,,Bird,,,,,,,,CodeLlama-13B-FT,,,,,,,discrimination abilities,F1,46.7,1,2402.10890,41
411,,,,Bird,,,,,,,,CodeLlama-13B-FT,,,,,,,discrimination abilities,H@1,16.0,1,2402.10890,42
412,,,,Bird,,,,,,,,CodeLlama-13B-FT,,,,,,,discrimination abilities,MRR,20.5,1,2402.10890,43
413,,,,GSM8K,,,,,,,,CodeLlama-13B-FT,,,,,,,discrimination abilities,Acc,nan,1,2402.10890,44
414,,,,GSM8K,,,,,,,,CodeLlama-13B-FT,,,,,,,discrimination abilities,F1,nan,1,2402.10890,45
415,,,,GSM8K,,,,,,,,CodeLlama-13B-FT,,,,,,,discrimination abilities,H@1,nan,1,2402.10890,46
416,,,,GSM8K,,,,,,,,CodeLlama-13B-FT,,,,,,,discrimination abilities,MRR,nan,1,2402.10890,47
417,,,,Spider,,,,,,,,GPT-3.5-Turbo,,,,,,,text-to-SQL parsing,Acc,67.0,1,2402.10890,48
418,,,,Spider,,,,,,,,GPT-3.5-Turbo,,,,,,,text-to-SQL parsing,F1,47.3,1,2402.10890,49
419,,,,Spider,,,,,,,,GPT-3.5-Turbo,,,,,,,text-to-SQL parsing,H@1,59.0,1,2402.10890,50
420,,,,Spider,,,,,,,,GPT-3.5-Turbo,,,,,,,text-to-SQL parsing,MRR,64.3,1,2402.10890,51
421,,,,Bird,,,,,,,,GPT-3.5-Turbo,,,,,,,discrimination abilities,Acc,64.3,1,2402.10890,52
422,,,,Bird,,,,,,,,GPT-3.5-Turbo,,,,,,,discrimination abilities,F1,35.7,1,2402.10890,53
423,,,,Bird,,,,,,,,GPT-3.5-Turbo,,,,,,,discrimination abilities,H@1,16.0,1,2402.10890,54
424,,,,Bird,,,,,,,,GPT-3.5-Turbo,,,,,,,discrimination abilities,MRR,20.5,1,2402.10890,55
425,,,,GSM8K,,,,,,,,GPT-3.5-Turbo,,,,,,,discrimination abilities,Acc,72.1,1,2402.10890,56
426,,,,GSM8K,,,,,,,,GPT-3.5-Turbo,,,,,,,discrimination abilities,F1,49.1,1,2402.10890,57
427,,,,GSM8K,,,,,,,,GPT-3.5-Turbo,,,,,,,discrimination abilities,H@1,46.6,1,2402.10890,58
428,,,,GSM8K,,,,,,,,GPT-3.5-Turbo,,,,,,,discrimination abilities,MRR,54.0,1,2402.10890,59
429,,,,Spider,,,,,,,,GPT-4-Turbo,,,,,,,text-to-SQL parsing,Acc,76.5,1,2402.10890,60
430,,,,Spider,,,,,,,,GPT-4-Turbo,,,,,,,text-to-SQL parsing,F1,54.9,1,2402.10890,61
431,,,,Spider,,,,,,,,GPT-4-Turbo,,,,,,,text-to-SQL parsing,H@1,63.0,1,2402.10890,62
432,,,,Spider,,,,,,,,GPT-4-Turbo,,,,,,,text-to-SQL parsing,MRR,66.7,1,2402.10890,63
433,,,,Bird,,,,,,,,GPT-4-Turbo,,,,,,,discrimination abilities,Acc,76.2,1,2402.10890,64
434,,,,Bird,,,,,,,,GPT-4-Turbo,,,,,,,discrimination abilities,F1,50.1,1,2402.10890,65
435,,,,Bird,,,,,,,,GPT-4-Turbo,,,,,,,discrimination abilities,H@1,20.3,1,2402.10890,66
436,,,,Bird,,,,,,,,GPT-4-Turbo,,,,,,,discrimination abilities,MRR,23.0,1,2402.10890,67
437,,,,GSM8K,,,,,,,,GPT-4-Turbo,,,,,,,discrimination abilities,Acc,93.8,1,2402.10890,68
438,,,,GSM8K,,,,,,,,GPT-4-Turbo,,,,,,,discrimination abilities,F1,91.1,1,2402.10890,69
439,,,,GSM8K,,,,,,,,GPT-4-Turbo,,,,,,,discrimination abilities,H@1,59.8,1,2402.10890,70
440,,,,GSM8K,,,,,,,,GPT-4-Turbo,,,,,,,discrimination abilities,MRR,61.6,1,2402.10890,71
441,,,,ML-1M,,,,,,Pop,,,,,,,,,,N@1,0.26,2,2407.17115,0
442,,,,ML-1M,,,,,,Pop,,,,,,,,,,N@5,0.60,2,2407.17115,1
443,,,,ML-1M,,,,,,Pop,,,,,,,,,,N@10,0.63,2,2407.17115,2
444,,,,Games,,,,,,Pop,,,,,,,,,,N@1,0.39,2,2407.17115,3
445,,,,Games,,,,,,Pop,,,,,,,,,,N@5,0.61,2,2407.17115,4
446,,,,Games,,,,,,Pop,,,,,,,,,,N@10,0.67,2,2407.17115,5
447,,,,Lastfm,,,,,,Pop,,,,,,,,,,N@1,0.78,2,2407.17115,6
448,,,,Lastfm,,,,,,Pop,,,,,,,,,,N@5,0.86,2,2407.17115,7
449,,,,Lastfm,,,,,,Pop,,,,,,,,,,N@10,0.88,2,2407.17115,8
450,,,,ML-1M,,,,,,BPRMF,,,,,,,,,,N@1,0.44,2,2407.17115,9
451,,,,ML-1M,,,,,,BPRMF,,,,,,,,,,N@5,0.71,2,2407.17115,10
452,,,,ML-1M,,,,,,BPRMF,,,,,,,,,,N@10,0.74,2,2407.17115,11
453,,,,Games,,,,,,BPRMF,,,,,,,,,,N@1,0.57,2,2407.17115,12
454,,,,Games,,,,,,BPRMF,,,,,,,,,,N@5,0.75,2,2407.17115,13
455,,,,Games,,,,,,BPRMF,,,,,,,,,,N@10,0.78,2,2407.17115,14
456,,,,Lastfm,,,,,,BPRMF,,,,,,,,,,N@1,0.71,2,2407.17115,15
457,,,,Lastfm,,,,,,BPRMF,,,,,,,,,,N@5,0.80,2,2407.17115,16
458,,,,Lastfm,,,,,,BPRMF,,,,,,,,,,N@10,0.84,2,2407.17115,17
459,,,,ML-1M,,,,,,SASRec,,,,,,,,,,N@1,0.68,2,2407.17115,18
460,,,,ML-1M,,,,,,SASRec,,,,,,,,,,N@5,0.84,2,2407.17115,19
461,,,,ML-1M,,,,,,SASRec,,,,,,,,,,N@10,0.85,2,2407.17115,20
462,,,,Games,,,,,,SASRec,,,,,,,,,,N@1,0.69,2,2407.17115,21
463,,,,Games,,,,,,SASRec,,,,,,,,,,N@5,0.83,2,2407.17115,22
464,,,,Games,,,,,,SASRec,,,,,,,,,,N@10,0.85,2,2407.17115,23
465,,,,Lastfm,,,,,,SASRec,,,,,,,,,,N@1,0.81,2,2407.17115,24
466,,,,Lastfm,,,,,,SASRec,,,,,,,,,,N@5,0.88,2,2407.17115,25
467,,,,Lastfm,,,,,,SASRec,,,,,,,,,,N@10,0.89,2,2407.17115,26
468,,,,ML-1M,,,,,,BM25,,,,,,,,,,N@1,0.08,2,2407.17115,27
469,,,,ML-1M,,,,,,BM25,,,,,,,,,,N@5,0.20,2,2407.17115,28
470,,,,ML-1M,,,,,,BM25,,,,,,,,,,N@10,0.43,2,2407.17115,29
471,,,,Games,,,,,,BM25,,,,,,,,,,N@1,0.27,2,2407.17115,30
472,,,,Games,,,,,,BM25,,,,,,,,,,N@5,0.45,2,2407.17115,31
473,,,,Games,,,,,,BM25,,,,,,,,,,N@10,0.57,2,2407.17115,32
474,,,,Lastfm,,,,,,BM25,,,,,,,,,,N@1,N/A,2,2407.17115,33
475,,,,Lastfm,,,,,,BM25,,,,,,,,,,N@5,N/A,2,2407.17115,34
476,,,,Lastfm,,,,,,BM25,,,,,,,,,,N@10,N/A,2,2407.17115,35
477,,,,ML-1M,,,,,,UniSRec,,,,,,,,,,N@1,0.12,2,2407.17115,36
478,,,,ML-1M,,,,,,UniSRec,,,,,,,,,,N@5,0.35,2,2407.17115,37
479,,,,ML-1M,,,,,,UniSRec,,,,,,,,,,N@10,0.47,2,2407.17115,38
480,,,,Games,,,,,,UniSRec,,,,,,,,,,N@1,0.25,2,2407.17115,39
481,,,,Games,,,,,,UniSRec,,,,,,,,,,N@5,0.45,2,2407.17115,40
482,,,,Games,,,,,,UniSRec,,,,,,,,,,N@10,0.56,2,2407.17115,41
483,,,,Lastfm,,,,,,UniSRec,,,,,,,,,,N@1,N/A,2,2407.17115,42
484,,,,Lastfm,,,,,,UniSRec,,,,,,,,,,N@5,N/A,2,2407.17115,43
485,,,,Lastfm,,,,,,UniSRec,,,,,,,,,,N@10,N/A,2,2407.17115,44
486,,,,ML-1M,,,,,,VQ-Rec,,,,,,,,,,N@1,0.10,2,2407.17115,45
487,,,,ML-1M,,,,,,VQ-Rec,,,,,,,,,,N@5,0.33,2,2407.17115,46
488,,,,ML-1M,,,,,,VQ-Rec,,,,,,,,,,N@10,0.47,2,2407.17115,47
489,,,,Games,,,,,,VQ-Rec,,,,,,,,,,N@1,0.14,2,2407.17115,48
490,,,,Games,,,,,,VQ-Rec,,,,,,,,,,N@5,0.33,2,2407.17115,49
491,,,,Games,,,,,,VQ-Rec,,,,,,,,,,N@10,0.48,2,2407.17115,50
492,,,,Lastfm,,,,,,VQ-Rec,,,,,,,,,,N@1,N/A,2,2407.17115,51
493,,,,Lastfm,,,,,,VQ-Rec,,,,,,,,,,N@5,N/A,2,2407.17115,52
494,,,,Lastfm,,,,,,VQ-Rec,,,,,,,,,,N@10,N/A,2,2407.17115,53
495,,,,Test Dataset,,,,,,,,EXALT Baseline,,,,,,,Emotion Detection,F1-score,0.43,1,2405.17129,0
496,,,,Test Dataset,,,,,,,,EXALT Baseline,,,,,,,Emotion Detection,Precision,0.43,1,2405.17129,1
497,,,,Test Dataset,,,,,,,,EXALT Baseline,,,,,,,Emotion Detection,Recall,0.44,1,2405.17129,2
498,,,,Test Dataset,,,,,,,,ZSEC-gpt4turbo,,,,,,,Emotion Detection,F1-score,0.55,1,2405.17129,3
499,,,,Test Dataset,,,,,,,,ZSEC-gpt4turbo,,,,,,,Emotion Detection,Precision,0.55,1,2405.17129,4
500,,,,Test Dataset,,,,,,,,ZSEC-gpt4turbo,,,,,,,Emotion Detection,Recall,0.58,1,2405.17129,5
501,,,,Test Dataset,,,,,,,,ZSEC-gpt4o,,,,,,,Emotion Detection,F1-score,0.57,1,2405.17129,6
502,,,,Test Dataset,,,,,,,,ZSEC-gpt4o,,,,,,,Emotion Detection,Precision,0.56,1,2405.17129,7
503,,,,Test Dataset,,,,,,,,ZSEC-gpt4o,,,,,,,Emotion Detection,Recall,0.6,1,2405.17129,8
504,,,,Test Dataset,,,,,,,,MBCAWF,,,,,,,Emotion Detection,F1-score,0.56,1,2405.17129,9
505,,,,Test Dataset,,,,,,,,MBCAWF,,,,,,,Emotion Detection,Precision,0.56,1,2405.17129,10
506,,,,Test Dataset,,,,,,,,MBCAWF,,,,,,,Emotion Detection,Recall,0.59,1,2405.17129,11
507,,,,Test Dataset,,,,,,,,MIAWF-3,,,,,,,Emotion Detection,F1-score,0.59,1,2405.17129,12
508,,,,Test Dataset,,,,,,,,MIAWF-3,,,,,,,Emotion Detection,Precision,0.59,1,2405.17129,13
509,,,,Test Dataset,,,,,,,,MIAWF-3,,,,,,,Emotion Detection,Recall,0.61,1,2405.17129,14
510,,,,Test Dataset,,,,,,,,MIAWF-5,,,,,,,Emotion Detection,F1-score,0.6,1,2405.17129,15
511,,,,Test Dataset,,,,,,,,MIAWF-5,,,,,,,Emotion Detection,Precision,0.59,1,2405.17129,16
512,,,,Test Dataset,,,,,,,,MIAWF-5,,,,,,,Emotion Detection,Recall,0.62,1,2405.17129,17
513,,,,Test Dataset,,,,,,,,Ensemble-9,,,,,,,Emotion Detection,F1-score,0.59,1,2405.17129,18
514,,,,Test Dataset,,,,,,,,Ensemble-9,,,,,,,Emotion Detection,Precision,0.59,1,2405.17129,19
515,,,,Test Dataset,,,,,,,,Ensemble-9,,,,,,,Emotion Detection,Recall,0.61,1,2405.17129,20
516,,,,Test Dataset,,,,,,,,Ensemble-8,,,,,,,Emotion Detection,F1-score,0.6,1,2405.17129,21
517,,,,Test Dataset,,,,,,,,Ensemble-8,,,,,,,Emotion Detection,Precision,0.6,1,2405.17129,22
518,,,,Test Dataset,,,,,,,,Ensemble-8,,,,,,,Emotion Detection,Recall,0.62,1,2405.17129,23
519,,,,Test Dataset,,,,,,,,Ensemble-17,,,,,,,Emotion Detection,F1-score,0.6,1,2405.17129,24
520,,,,Test Dataset,,,,,,,,Ensemble-17,,,,,,,Emotion Detection,Precision,0.6,1,2405.17129,25
521,,,,Test Dataset,,,,,,,,Ensemble-17,,,,,,,Emotion Detection,Recall,0.62,1,2405.17129,26
522,,,,Test Dataset,,,,,,,,Ensemble-19,,,,,,,Emotion Detection,F1-score,0.6,1,2405.17129,27
523,,,,Test Dataset,,,,,,,,Ensemble-19,,,,,,,Emotion Detection,Precision,0.6,1,2405.17129,28
524,,,,Test Dataset,,,,,,,,Ensemble-19,,,,,,,Emotion Detection,Recall,0.62,1,2405.17129,29
525,,,,HaluEval Li et al. (2023a),,,,,,Always Skeptic,,,,,,80,,,QA,Acc.,65.00,4,2406.03075,0
526,,,,HaluEval Li et al. (2023a),,,,,,Always Skeptic,,,,,,80,,,QA,R,84.21,4,2406.03075,1
527,,,,HaluEval Li et al. (2023a),,,,,,Always Skeptic,,,,,,80,,,QA,P,59.26,4,2406.03075,2
528,,,,HaluEval Li et al. (2023a),,,,,,Always Skeptic,,,,,,80,,,QA,F1,69.57,4,2406.03075,3
529,,,,HaluEval Li et al. (2023a),,,,,,Always Trust,,,,,,80,,,QA,Acc.,68.75,4,2406.03075,4
530,,,,HaluEval Li et al. (2023a),,,,,,Always Trust,,,,,,80,,,QA,R,84.21,4,2406.03075,5
531,,,,HaluEval Li et al. (2023a),,,,,,Always Trust,,,,,,80,,,QA,P,62.75,4,2406.03075,6
532,,,,HaluEval Li et al. (2023a),,,,,,Always Trust,,,,,,80,,,QA,F1,71.91,4,2406.03075,7
533,,,,HaluEval Li et al. (2023a),,,,,,True→Trust,,,,,,80,,,QA,Acc.,67.50,4,2406.03075,8
534,,,,HaluEval Li et al. (2023a),,,,,,True→Trust,,,,,,80,,,QA,R,89.47,4,2406.03075,9
535,,,,HaluEval Li et al. (2023a),,,,,,True→Trust,,,,,,80,,,QA,P,60.71,4,2406.03075,10
536,,,,HaluEval Li et al. (2023a),,,,,,True→Trust,,,,,,80,,,QA,F1,72.34,4,2406.03075,11
537,,,,HaluEval Li et al. (2023a),,,,,,True→Skeptic,,,,,,80,,,QA,Acc.,70.00,4,2406.03075,12
538,,,,HaluEval Li et al. (2023a),,,,,,True→Skeptic,,,,,,80,,,QA,R,86.84,4,2406.03075,13
539,,,,HaluEval Li et al. (2023a),,,,,,True→Skeptic,,,,,,80,,,QA,P,63.46,4,2406.03075,14
540,,,,HaluEval Li et al. (2023a),,,,,,True→Skeptic,,,,,,80,,,QA,F1,73.33,4,2406.03075,15
541,,,,GSM8k,,,,,,ICL,,,,,,,,,evaluating token usage in input prompts,Token Count,836,4,2310.01444,0
542,,,,Hotpot-QA,,,,,,ICL,,,,,,,,,evaluating token usage in input prompts,Token Count,1937,4,2310.01444,1
543,,,,Alfworld,,,,,,ICL,,,,,,,,,evaluating token usage in input prompts,Token Count,1744,4,2310.01444,2
544,,,,GSM8k,,,,,,LTC,,,,,,,,,evaluating token usage in input prompts,Token Count,107,4,2310.01444,3
545,,,,Hotpot-QA,,,,,,LTC,,,,,,,,,evaluating token usage in input prompts,Token Count,167,4,2310.01444,4
546,,,,Alfworld,,,,,,LTC,,,,,,,,,evaluating token usage in input prompts,Token Count,189,4,2310.01444,5
547,,,,,,,,,,,,GPT-3.5-turbo,,,,,Zero,,OpenAGI,CLIP Score,0.0,1,2304.04370,0
548,,,,,,,,,,,,GPT-3.5-turbo,,,,,Few,,OpenAGI,CLIP Score,0.0,1,2304.04370,1
549,,,,,,,,,,,,Claude-2,,,,,Zero,,OpenAGI,CLIP Score,0.0,1,2304.04370,2
550,,,,,,,,,,,,Claude-2,,,,,Few,,OpenAGI,CLIP Score,0.2543,1,2304.04370,3
551,,,,,,,,,,,,GPT-4,,,,,Zero,,OpenAGI,CLIP Score,0.0,1,2304.04370,4
552,,,,,,,,,,,,GPT-4,,,,,Few,,OpenAGI,CLIP Score,0.3055,1,2304.04370,5
553,,,,,,,,,,,,GPT-3.5-turbo,,,,,Zero,,OpenAGI,BERT Score,0.1914,1,2304.04370,6
554,,,,,,,,,,,,GPT-3.5-turbo,,,,,Few,,OpenAGI,BERT Score,0.382,1,2304.04370,7
555,,,,,,,,,,,,Claude-2,,,,,Zero,,OpenAGI,BERT Score,0.2111,1,2304.04370,8
556,,,,,,,,,,,,Claude-2,,,,,Few,,OpenAGI,BERT Score,0.5038,1,2304.04370,9
557,,,,,,,,,,,,GPT-4,,,,,Zero,,OpenAGI,BERT Score,0.2076,1,2304.04370,10
558,,,,,,,,,,,,GPT-4,,,,,Few,,OpenAGI,BERT Score,0.6307,1,2304.04370,11
559,,,,,,,,,,,,GPT-3.5-turbo,,,,,Zero,,OpenAGI,ViT Score,0.2437,1,2304.04370,12
560,,,,,,,,,,,,GPT-3.5-turbo,,,,,Few,,OpenAGI,ViT Score,0.7497,1,2304.04370,13
561,,,,,,,,,,,,Claude-2,,,,,Zero,,OpenAGI,ViT Score,0.4082,1,2304.04370,14
562,,,,,,,,,,,,Claude-2,,,,,Few,,OpenAGI,ViT Score,0.5416,1,2304.04370,15
563,,,,,,,,,,,,GPT-4,,,,,Zero,,OpenAGI,ViT Score,0.5058,1,2304.04370,16
564,,,,,,,,,,,,GPT-4,,,,,Few,,OpenAGI,ViT Score,0.648,1,2304.04370,17
565,,,,,,,,,,,,GPT-3.5-turbo,,,,,Zero,,OpenAGI,Overall,0.145,1,2304.04370,18
566,,,,,,,,,,,,GPT-3.5-turbo,,,,,Few,,OpenAGI,Overall,0.3772,1,2304.04370,19
567,,,,,,,,,,,,Claude-2,,,,,Zero,,OpenAGI,Overall,0.2064,1,2304.04370,20
568,,,,,,,,,,,,Claude-2,,,,,Few,,OpenAGI,Overall,0.4332,1,2304.04370,21
569,,,,,,,,,,,,GPT-4,,,,,Zero,,OpenAGI,Overall,0.2378,1,2304.04370,22
570,,,,,,,,,,,,GPT-4,,,,,Few,,OpenAGI,Overall,0.5281,1,2304.04370,23
571,,,,Factool Chern et al. (2023),,Claim-Level,,,,Self-Check (0),,,,,,,,,,Acc.,75.54,2,2406.03075,0
572,,,,Factool Chern et al. (2023),,Claim-Level,,,,Self-Check (0),,,,,,,,,,R,90.40,2,2406.03075,1
573,,,,Factool Chern et al. (2023),,Claim-Level,,,,Self-Check (0),,,,,,,,,,P,80.00,2,2406.03075,2
574,,,,Factool Chern et al. (2023),,Claim-Level,,,,Self-Check (0),,,,,,,,,,F1,84.88,2,2406.03075,3
575,,,,Factool Chern et al. (2023),,Claim-Level,,,,Self-Check (3),,,,,,,,,,Acc.,69.53,2,2406.03075,4
576,,,,Factool Chern et al. (2023),,Claim-Level,,,,Self-Check (3),,,,,,,,,,R,81.36,2,2406.03075,5
577,,,,Factool Chern et al. (2023),,Claim-Level,,,,Self-Check (3),,,,,,,,,,P,79.12,2,2406.03075,6
578,,,,Factool Chern et al. (2023),,Claim-Level,,,,Self-Check (3),,,,,,,,,,F1,80.23,2,2406.03075,7
579,,,,Factool Chern et al. (2023),,Claim-Level,,,,FACTOOL,,,,,,,,,,Acc.,74.25,2,2406.03075,8
580,,,,Factool Chern et al. (2023),,Claim-Level,,,,FACTOOL,,,,,,,,,,R,73.45,2,2406.03075,9
581,,,,Factool Chern et al. (2023),,Claim-Level,,,,FACTOOL,,,,,,,,,,P,90.91,2,2406.03075,10
582,,,,Factool Chern et al. (2023),,Claim-Level,,,,FACTOOL,,,,,,,,,,F1,81.25,2,2406.03075,11
583,,,,Factool Chern et al. (2023),,Claim-Level,,,,Our Method,,,,,,,,,,Acc.,77.68,2,2406.03075,12
584,,,,Factool Chern et al. (2023),,Claim-Level,,,,Our Method,,,,,,,,,,R,80.79,2,2406.03075,13
585,,,,Factool Chern et al. (2023),,Claim-Level,,,,Our Method,,,,,,,,,,P,88.82,2,2406.03075,14
586,,,,Factool Chern et al. (2023),,Claim-Level,,,,Our Method,,,,,,,,,,F1,84.62,2,2406.03075,15
587,,,,Factool Chern et al. (2023),,Response-Level,,,,Self-Check (0),,,,,,,,,,Acc.,54.00,2,2406.03075,16
588,,,,Factool Chern et al. (2023),,Response-Level,,,,Self-Check (0),,,,,,,,,,R,60.87,2,2406.03075,17
589,,,,Factool Chern et al. (2023),,Response-Level,,,,Self-Check (0),,,,,,,,,,P,50.00,2,2406.03075,18
590,,,,Factool Chern et al. (2023),,Response-Level,,,,Self-Check (0),,,,,,,,,,F1,54.90,2,2406.03075,19
591,,,,Factool Chern et al. (2023),,Response-Level,,,,Self-Check (3),,,,,,,,,,Acc.,54.00,2,2406.03075,20
592,,,,Factool Chern et al. (2023),,Response-Level,,,,Self-Check (3),,,,,,,,,,R,47.83,2,2406.03075,21
593,,,,Factool Chern et al. (2023),,Response-Level,,,,Self-Check (3),,,,,,,,,,P,50.00,2,2406.03075,22
594,,,,Factool Chern et al. (2023),,Response-Level,,,,Self-Check (3),,,,,,,,,,F1,48.89,2,2406.03075,23
595,,,,Factool Chern et al. (2023),,Response-Level,,,,FACTOOL,,,,,,,,,,Acc.,64.00,2,2406.03075,24
596,,,,Factool Chern et al. (2023),,Response-Level,,,,FACTOOL,,,,,,,,,,R,43.48,2,2406.03075,25
597,,,,Factool Chern et al. (2023),,Response-Level,,,,FACTOOL,,,,,,,,,,P,66.67,2,2406.03075,26
598,,,,Factool Chern et al. (2023),,Response-Level,,,,FACTOOL,,,,,,,,,,F1,52.63,2,2406.03075,27
599,,,,Factool Chern et al. (2023),,Response-Level,,,,Our Method,,,,,,,,,,Acc.,72.00,2,2406.03075,28
600,,,,Factool Chern et al. (2023),,Response-Level,,,,Our Method,,,,,,,,,,R,52.17,2,2406.03075,29
601,,,,Factool Chern et al. (2023),,Response-Level,,,,Our Method,,,,,,,,,,P,80.00,2,2406.03075,30
602,,,,Factool Chern et al. (2023),,Response-Level,,,,Our Method,,,,,,,,,,F1,63.15,2,2406.03075,31
603,,,Emotion,,,,Male,,,,,,,,,,,,Speech Captioning Performance,Precision,84.3,3,2406.12707,0
604,,,Emotion,,,,Male,,,,,,,,,,,,Speech Captioning Performance,Recall,85.4,3,2406.12707,1
605,,,Emotion,,,,Male,,,,,,,,,,,,Speech Captioning Performance,F1-score,84.2,3,2406.12707,2
606,,,Emotion,,,,Female,,,,,,,,,,,,Speech Captioning Performance,Precision,87.4,3,2406.12707,3
607,,,Emotion,,,,Female,,,,,,,,,,,,Speech Captioning Performance,Recall,85.5,3,2406.12707,4
608,,,Emotion,,,,Female,,,,,,,,,,,,Speech Captioning Performance,F1-score,86.0,3,2406.12707,5
609,,,Pitch,,,,Male,,,,,,,,,,,,Speech Captioning Performance,Precision,88.2,3,2406.12707,6
610,,,Pitch,,,,Male,,,,,,,,,,,,Speech Captioning Performance,Recall,82.8,3,2406.12707,7
611,,,Pitch,,,,Male,,,,,,,,,,,,Speech Captioning Performance,F1-score,85.3,3,2406.12707,8
612,,,Pitch,,,,Female,,,,,,,,,,,,Speech Captioning Performance,Precision,84.8,3,2406.12707,9
613,,,Pitch,,,,Female,,,,,,,,,,,,Speech Captioning Performance,Recall,71.0,3,2406.12707,10
614,,,Pitch,,,,Female,,,,,,,,,,,,Speech Captioning Performance,F1-score,75.9,3,2406.12707,11
615,,,Energy,,,,Male,,,,,,,,,,,,Speech Captioning Performance,Precision,74.4,3,2406.12707,12
616,,,Energy,,,,Male,,,,,,,,,,,,Speech Captioning Performance,Recall,60.0,3,2406.12707,13
617,,,Energy,,,,Male,,,,,,,,,,,,Speech Captioning Performance,F1-score,65.0,3,2406.12707,14
618,,,Energy,,,,Female,,,,,,,,,,,,Speech Captioning Performance,Precision,71.2,3,2406.12707,15
619,,,Energy,,,,Female,,,,,,,,,,,,Speech Captioning Performance,Recall,54.9,3,2406.12707,16
620,,,Energy,,,,Female,,,,,,,,,,,,Speech Captioning Performance,F1-score,60.9,3,2406.12707,17
621,,,Speed,,,,Male,,,,,,,,,,,,Speech Captioning Performance,Precision,46.4,3,2406.12707,18
622,,,Speed,,,,Male,,,,,,,,,,,,Speech Captioning Performance,Recall,43.1,3,2406.12707,19
623,,,Speed,,,,Male,,,,,,,,,,,,Speech Captioning Performance,F1-score,44.6,3,2406.12707,20
624,,,Speed,,,,Female,,,,,,,,,,,,Speech Captioning Performance,Precision,48.0,3,2406.12707,21
625,,,Speed,,,,Female,,,,,,,,,,,,Speech Captioning Performance,Recall,30.6,3,2406.12707,22
626,,,Speed,,,,Female,,,,,,,,,,,,Speech Captioning Performance,F1-score,37.3,3,2406.12707,23
627,,,,ML-1M,,,,,,Manual prompts,,,,,,,,,Enhancing Recommendation Ability,Outcome,0.03±0.02,4,2407.17115,0
628,,,,ML-1M,,,,,,Manual prompts,,,,,,,,,Enhancing Recommendation Ability,Outcome,0.35±0.01,4,2407.17115,1
629,,,,ML-1M,,,,,,Manual prompts,,,,,,,,,Enhancing Recommendation Ability,Outcome,0.41±0.01,4,2407.17115,2
630,,,,Games,,,,,,Manual prompts,,,,,,,,,Enhancing Recommendation Ability,Outcome,0.04±0.01,4,2407.17115,3
631,,,,Games,,,,,,Manual prompts,,,,,,,,,Enhancing Recommendation Ability,Outcome,0.30±0.02,4,2407.17115,4
632,,,,Games,,,,,,Manual prompts,,,,,,,,,Enhancing Recommendation Ability,Outcome,0.35±0.02,4,2407.17115,5
633,,,,Lastfm,,,,,,Manual prompts,,,,,,,,,Enhancing Recommendation Ability,Outcome,0.05±0.03,4,2407.17115,6
634,,,,Lastfm,,,,,,Manual prompts,,,,,,,,,Enhancing Recommendation Ability,Outcome,0.39±0.01,4,2407.17115,7
635,,,,Lastfm,,,,,,Manual prompts,,,,,,,,,Enhancing Recommendation Ability,Outcome,0.43±0.01,4,2407.17115,8
636,,,,ML-1M,,,,,,Enumeration,,,,,,,,,Enhancing Recommendation Ability,Outcome,0.04±0.00,4,2407.17115,9
637,,,,ML-1M,,,,,,Enumeration,,,,,,,,,Enhancing Recommendation Ability,Outcome,0.36±0.00,4,2407.17115,10
638,,,,ML-1M,,,,,,Enumeration,,,,,,,,,Enhancing Recommendation Ability,Outcome,0.42±0.01,4,2407.17115,11
639,,,,Games,,,,,,Enumeration,,,,,,,,,Enhancing Recommendation Ability,Outcome,0.04±0.00,4,2407.17115,12
640,,,,Games,,,,,,Enumeration,,,,,,,,,Enhancing Recommendation Ability,Outcome,0.34±0.01,4,2407.17115,13
641,,,,Games,,,,,,Enumeration,,,,,,,,,Enhancing Recommendation Ability,Outcome,0.37±0.01,4,2407.17115,14
642,,,,Lastfm,,,,,,Enumeration,,,,,,,,,Enhancing Recommendation Ability,Outcome,0.05±0.00,4,2407.17115,15
643,,,,Lastfm,,,,,,Enumeration,,,,,,,,,Enhancing Recommendation Ability,Outcome,0.40±0.01,4,2407.17115,16
644,,,,Lastfm,,,,,,Enumeration,,,,,,,,,Enhancing Recommendation Ability,Outcome,0.44±0.02,4,2407.17115,17
645,,,,ML-1M,,,,,,Role-playing,,,,,,,,,Enhancing Recommendation Ability,Outcome,0.76±0.01,4,2407.17115,18
646,,,,ML-1M,,,,,,Role-playing,,,,,,,,,Enhancing Recommendation Ability,Outcome,0.80±0.01,4,2407.17115,19
647,,,,ML-1M,,,,,,Role-playing,,,,,,,,,Enhancing Recommendation Ability,Outcome,0.84±0.01,4,2407.17115,20
648,,,,Games,,,,,,Role-playing,,,,,,,,,Enhancing Recommendation Ability,Outcome,0.66±0.05,4,2407.17115,21
649,,,,Games,,,,,,Role-playing,,,,,,,,,Enhancing Recommendation Ability,Outcome,0.72±0.05,4,2407.17115,22
650,,,,Games,,,,,,Role-playing,,,,,,,,,Enhancing Recommendation Ability,Outcome,0.76±0.04,4,2407.17115,23
651,,,,Lastfm,,,,,,Role-playing,,,,,,,,,Enhancing Recommendation Ability,Outcome,0.84±0.02,4,2407.17115,24
652,,,,Lastfm,,,,,,Role-playing,,,,,,,,,Enhancing Recommendation Ability,Outcome,0.87±0.02,4,2407.17115,25
653,,,,Lastfm,,,,,,Role-playing,,,,,,,,,Enhancing Recommendation Ability,Outcome,0.89±0.02,4,2407.17115,26
654,,,,ML-1M,,,,,,History records,,,,,,,,,Enhancing Recommendation Ability,Outcome,0.65±0.10,4,2407.17115,27
655,,,,ML-1M,,,,,,History records,,,,,,,,,Enhancing Recommendation Ability,Outcome,0.72±0.07,4,2407.17115,28
656,,,,ML-1M,,,,,,History records,,,,,,,,,Enhancing Recommendation Ability,Outcome,0.77±0.06,4,2407.17115,29
657,,,,Games,,,,,,History records,,,,,,,,,Enhancing Recommendation Ability,Outcome,0.67±0.00,4,2407.17115,30
658,,,,Games,,,,,,History records,,,,,,,,,Enhancing Recommendation Ability,Outcome,0.71±0.01,4,2407.17115,31
659,,,,Games,,,,,,History records,,,,,,,,,Enhancing Recommendation Ability,Outcome,0.76±0.00,4,2407.17115,32
660,,,,Lastfm,,,,,,History records,,,,,,,,,Enhancing Recommendation Ability,Outcome,0.81±0.02,4,2407.17115,33
661,,,,Lastfm,,,,,,History records,,,,,,,,,Enhancing Recommendation Ability,Outcome,0.85±0.01,4,2407.17115,34
662,,,,Lastfm,,,,,,History records,,,,,,,,,Enhancing Recommendation Ability,Outcome,0.87±0.01,4,2407.17115,35
663,,,,ML-1M,,,,,,Reasoning guidance,,,,,,,,,Enhancing Recommendation Ability,Outcome,0.78±0.01,4,2407.17115,36
664,,,,ML-1M,,,,,,Reasoning guidance,,,,,,,,,Enhancing Recommendation Ability,Outcome,0.81±0.01,4,2407.17115,37
665,,,,ML-1M,,,,,,Reasoning guidance,,,,,,,,,Enhancing Recommendation Ability,Outcome,0.84±0.00,4,2407.17115,38
666,,,,Games,,,,,,Reasoning guidance,,,,,,,,,Enhancing Recommendation Ability,Outcome,0.74±0.04,4,2407.17115,39
667,,,,Games,,,,,,Reasoning guidance,,,,,,,,,Enhancing Recommendation Ability,Outcome,0.78±0.04,4,2407.17115,40
668,,,,Games,,,,,,Reasoning guidance,,,,,,,,,Enhancing Recommendation Ability,Outcome,0.80±0.04,4,2407.17115,41
669,,,,Lastfm,,,,,,Reasoning guidance,,,,,,,,,Enhancing Recommendation Ability,Outcome,0.85±0.02,4,2407.17115,42
670,,,,Lastfm,,,,,,Reasoning guidance,,,,,,,,,Enhancing Recommendation Ability,Outcome,0.88±0.02,4,2407.17115,43
671,,,,Lastfm,,,,,,Reasoning guidance,,,,,,,,,Enhancing Recommendation Ability,Outcome,0.89±0.02,4,2407.17115,44
672,,,,ML-1M,,,,,,Output format,,,,,,,,,Enhancing Recommendation Ability,Outcome,0.74±0.00,4,2407.17115,45
673,,,,ML-1M,,,,,,Output format,,,,,,,,,Enhancing Recommendation Ability,Outcome,0.77±0.04,4,2407.17115,46
674,,,,ML-1M,,,,,,Output format,,,,,,,,,Enhancing Recommendation Ability,Outcome,0.82±0.03,4,2407.17115,47
675,,,,Games,,,,,,Output format,,,,,,,,,Enhancing Recommendation Ability,Outcome,0.67±0.02,4,2407.17115,48
676,,,,Games,,,,,,Output format,,,,,,,,,Enhancing Recommendation Ability,Outcome,0.71±0.02,4,2407.17115,49
677,,,,Games,,,,,,Output format,,,,,,,,,Enhancing Recommendation Ability,Outcome,0.76±0.02,4,2407.17115,50
678,,,,Lastfm,,,,,,Output format,,,,,,,,,Enhancing Recommendation Ability,Outcome,0.83±0.03,4,2407.17115,51
679,,,,Lastfm,,,,,,Output format,,,,,,,,,Enhancing Recommendation Ability,Outcome,0.86±0.04,4,2407.17115,52
680,,,,Lastfm,,,,,,Output format,,,,,,,,,Enhancing Recommendation Ability,Outcome,0.89±0.03,4,2407.17115,53
681,,,,ML-1M,,,,,,RPP,,,,,,,,,Enhancing Recommendation Ability,Outcome,0.82±0.03,4,2407.17115,54
682,,,,ML-1M,,,,,,RPP,,,,,,,,,Enhancing Recommendation Ability,Outcome,0.85±0.03,4,2407.17115,55
683,,,,ML-1M,,,,,,RPP,,,,,,,,,Enhancing Recommendation Ability,Outcome,0.87±0.02,4,2407.17115,56
684,,,,Games,,,,,,RPP,,,,,,,,,Enhancing Recommendation Ability,Outcome,0.79±0.03,4,2407.17115,57
685,,,,Games,,,,,,RPP,,,,,,,,,Enhancing Recommendation Ability,Outcome,0.82±0.03,4,2407.17115,58
686,,,,Games,,,,,,RPP,,,,,,,,,Enhancing Recommendation Ability,Outcome,0.85±0.02,4,2407.17115,59
687,,,,Lastfm,,,,,,RPP,,,,,,,,,Enhancing Recommendation Ability,Outcome,0.87±0.01,4,2407.17115,60
688,,,,Lastfm,,,,,,RPP,,,,,,,,,Enhancing Recommendation Ability,Outcome,0.89±0.01,4,2407.17115,61
689,,,,Lastfm,,,,,,RPP,,,,,,,,,Enhancing Recommendation Ability,Outcome,0.91±0.01,4,2407.17115,62
690,,,,ToolBench,,,,,,CoT@3,,,,,,,,,solution ranking on complex tasks,Pref. Rank,3.45,2,2308.12519,0
691,,,,ToolBench,,,,,,,,,,,,,,,solution ranking on complex tasks,Pref. Rank,3.48,2,2308.12519,1
692,,,,ToolBench,,,,,,BFS,,,,,,,,,solution ranking on complex tasks,Pref. Rank,3.25,2,2308.12519,2
693,,,,ToolBench,,,,,,DFSDT,,,,,,,,,solution ranking on complex tasks,Pref. Rank,2.91,2,2308.12519,3
694,,,,ToolBench,,,,,,RaDAgent,,,,,,,,,solution ranking on complex tasks,Pref. Rank,N/A,2,2308.12519,4
695,,,,ToolBench,,,,,,Rand. Select,,,,,,,,,solution ranking on complex tasks,Pref. Rank,3.24,2,2308.12519,5
696,,,,ToolBench,,,,,,Elo Select,,,,,,,,,solution ranking on complex tasks,Pref. Rank,2.19,2,2308.12519,6
697,,,,,,,,,Default,,,GPT-3.5-turbo-1106,,,,,,,Impact of Memory Tags on RedAgent performance,ASR (%),92,4,2407.16667,0
698,,,,,,,,,w/o Cat,,,GPT-3.5-turbo-1106,,,,,,,Impact of Memory Tags on RedAgent performance,ASR (%),88,4,2407.16667,1
699,,,,,,,,,w/o Que,,,GPT-3.5-turbo-1106,,,,,,,Impact of Memory Tags on RedAgent performance,ASR (%),92,4,2407.16667,2
700,,,,,,,,,w/o Cat & Que,,,GPT-3.5-turbo-1106,,,,,,,Impact of Memory Tags on RedAgent performance,ASR (%),92,4,2407.16667,3
701,,,,,,,,,Default,,,GPT-3.5-turbo-1106,,,,,,,Impact of Memory Tags on RedAgent performance,ANQ,4.65,4,2407.16667,4
702,,,,,,,,,w/o Cat,,,GPT-3.5-turbo-1106,,,,,,,Impact of Memory Tags on RedAgent performance,ANQ,5.31,4,2407.16667,5
703,,,,,,,,,w/o Que,,,GPT-3.5-turbo-1106,,,,,,,Impact of Memory Tags on RedAgent performance,ANQ,6.3,4,2407.16667,6
704,,,,,,,,,w/o Cat & Que,,,GPT-3.5-turbo-1106,,,,,,,Impact of Memory Tags on RedAgent performance,ANQ,9,4,2407.16667,7
705,Single Agent (CoT),,,,,,,,,,,,,,,,,,Defense Using Multi-Agent Systems,FPR,17.16,4,2403.04783,0
706,Single Agent (CoT),,,,,,,,,,,,,,,,,,Defense Using Multi-Agent Systems,ASR,10.87,4,2403.04783,1
707,3 Agents,,,,,,,,,,,,,,,,,,Defense Using Multi-Agent Systems,FPR,37.32,4,2403.04783,2
708,3 Agents,,,,,,,,,,,,,,,,,,Defense Using Multi-Agent Systems,ASR,3.13,4,2403.04783,3
709,4 Agents w/ LlamaGuard,,,,,,,,,,,,,,,,,,Defense Using Multi-Agent Systems,FPR,6.8,4,2403.04783,4
710,4 Agents w/ LlamaGuard,,,,,,,,,,,,,,,,,,Defense Using Multi-Agent Systems,ASR,11.08,4,2403.04783,5
711,,,,TextroSpeech,,,,,,,,Speech-GPT3.5,,,,,,,Generalization Performance Evaluation,BERTScore,53.03±10.20,2,2406.12707,0
712,,,,TextroSpeech,,,,,,,,Speech-GPT3.5,,,,,,,Generalization Performance Evaluation,Accuracy,0.74,2,2406.12707,1
713,,,,TextroSpeech,,,,,,,,PerceptiveAgent,,,,,,,Generalization Performance Evaluation,BERTScore,54.36±9.25,2,2406.12707,2
714,,,,TextroSpeech,,,,,,,,PerceptiveAgent,,,,,,,Generalization Performance Evaluation,Accuracy,21.89,2,2406.12707,3
715,,,,TextroSpeech,,,,,,,,PerceptiveAgent -w/o captions,,,,,,,Generalization Performance Evaluation,BERTScore,-,2,2406.12707,4
716,,,,TextroSpeech,,,,,,,,PerceptiveAgent -w/o captions,,,,,,,Generalization Performance Evaluation,Accuracy,16.53,2,2406.12707,5
717,,,,,,,,0,,,,GPT-3.5-turbo-1106,,,same,,,,Impact of Capacity on RedAgent performance,ASR (%),60,3,2407.16667,0
718,,,,,,,,1,,,1,GPT-3.5-turbo-1106,,,same,,,,Impact of Capacity on RedAgent performance,ASR (%),52,3,2407.16667,1
719,,,,,,,,10,,,,GPT-3.5-turbo-1106,,,same,,,,Impact of Capacity on RedAgent performance,ASR (%),76,3,2407.16667,2
720,,,,,,,,25,,,,GPT-3.5-turbo-1106,,,same,,,,Impact of Capacity on RedAgent performance,ASR (%),92,3,2407.16667,3
721,,,,,,,,50,,,,GPT-3.5-turbo-1106,,,same,,,,Impact of Capacity on RedAgent performance,ASR (%),72,3,2407.16667,4
722,,,,,,,,0,,,,GPT-3.5-turbo-1106,,,same,,,,Impact of Capacity on RedAgent performance,ANQ,6.05,3,2407.16667,5
723,,,,,,,,1,,,1,GPT-3.5-turbo-1106,,,same,,,,Impact of Capacity on RedAgent performance,ANQ,4.63,3,2407.16667,6
724,,,,,,,,10,,,,GPT-3.5-turbo-1106,,,same,,,,Impact of Capacity on RedAgent performance,ANQ,3.57,3,2407.16667,7
725,,,,,,,,25,,,,GPT-3.5-turbo-1106,,,same,,,,Impact of Capacity on RedAgent performance,ANQ,4.65,3,2407.16667,8
726,,,,,,,,50,,,,GPT-3.5-turbo-1106,,,same,,,,Impact of Capacity on RedAgent performance,ANQ,3.53,3,2407.16667,9
727,,,,Test Dataset,,,,,,,,ZeroShot (gpt-4-turbo),,,,,,,,F1-score,0.5459,5,2405.17129,0
728,,,,Test Dataset,,,,,,,,ZeroShot (gpt-4-turbo),,,,,,,,Precision,0.5539,5,2405.17129,1
729,,,,Test Dataset,,,,,,,,ZeroShot (gpt-4-turbo),,,,,,,,Recall,0.5682,5,2405.17129,2
730,,,,Test Dataset,,,,,,,,ZeroShot (gpt-4-turbo),,,,,,,,Acc.,0.6028,5,2405.17129,3
731,,,,Test Dataset,,,,,,,,ZeroShot (gpt-4o),,,,,,,,F1-score,0.5732,5,2405.17129,4
732,,,,Test Dataset,,,,,,,,ZeroShot (gpt-4o),,,,,,,,Precision,0.5685,5,2405.17129,5
733,,,,Test Dataset,,,,,,,,ZeroShot (gpt-4o),,,,,,,,Recall,0.5813,5,2405.17129,6
734,,,,Test Dataset,,,,,,,,ZeroShot (gpt-4o),,,,,,,,Acc.,0.6164,5,2405.17129,7
735,,,,Test Dataset,,,,,,,,ZSE (gpt-4o),,,,,,,,F1-score,0.5723,5,2405.17129,8
736,,,,Test Dataset,,,,,,,,ZSE (gpt-4o),,,,,,,,Precision,0.5664,5,2405.17129,9
737,,,,Test Dataset,,,,,,,,ZSE (gpt-4o),,,,,,,,Recall,0.589,5,2405.17129,10
738,,,,Test Dataset,,,,,,,,ZSE (gpt-4o),,,,,,,,Acc.,0.6232,5,2405.17129,11
739,,,,Test Dataset,,,,,,,,ZSEC (gpt-4o),,,,,,,,F1-score,0.5726,5,2405.17129,12
740,,,,Test Dataset,,,,,,,,ZSEC (gpt-4o),,,,,,,,Precision,0.5631,5,2405.17129,13
741,,,,Test Dataset,,,,,,,,ZSEC (gpt-4o),,,,,,,,Recall,0.5953,5,2405.17129,14
742,,,,Test Dataset,,,,,,,,ZSEC (gpt-4o),,,,,,,,Acc.,0.624,5,2405.17129,15
743,,,,ToolBench,,,,,,CoT@3,,,,,,,,,analyzing common failure reasons in decision-making,Hallucinated Tool Ratio,14.2,3,2308.12519,0
744,,,,ToolBench,,,,,,CoT@3,,,,,,,,,analyzing common failure reasons in decision-making,Hallucinated Tool Fix Ratio,25.4,3,2308.12519,1
745,,,,ToolBench,,,,,,CoT@3,,,,,,,,,analyzing common failure reasons in decision-making,Tool Call Error Ratio,41.2,3,2308.12519,2
746,,,,ToolBench,,,,,,CoT@3,,,,,,,,,analyzing common failure reasons in decision-making,Tool Call Error Fix Ratio,14.8,3,2308.12519,3
747,,,,ToolBench,,,,,,CoT@3,,,,,,,,,analyzing common failure reasons in decision-making,Unavailable Tool,2.0,3,2308.12519,4
748,,,,ToolBench,,,,,,CoT@3,,,,,,,,,analyzing common failure reasons in decision-making,Decision Failure,52.5,3,2308.12519,5
749,,,,ToolBench,,,,,,BFS,,,,,,,,,analyzing common failure reasons in decision-making,Hallucinated Tool Ratio,18.8,3,2308.12519,6
750,,,,ToolBench,,,,,,BFS,,,,,,,,,analyzing common failure reasons in decision-making,Hallucinated Tool Fix Ratio,25.5,3,2308.12519,7
751,,,,ToolBench,,,,,,BFS,,,,,,,,,analyzing common failure reasons in decision-making,Tool Call Error Ratio,50.8,3,2308.12519,8
752,,,,ToolBench,,,,,,BFS,,,,,,,,,analyzing common failure reasons in decision-making,Tool Call Error Fix Ratio,31.1,3,2308.12519,9
753,,,,ToolBench,,,,,,BFS,,,,,,,,,analyzing common failure reasons in decision-making,Unavailable Tool,2.6,3,2308.12519,10
754,,,,ToolBench,,,,,,BFS,,,,,,,,,analyzing common failure reasons in decision-making,Decision Failure,48.6,3,2308.12519,11
755,,,,ToolBench,,,,,,DFSDT,,,,,,,,,analyzing common failure reasons in decision-making,Hallucinated Tool Ratio,31.5,3,2308.12519,12
756,,,,ToolBench,,,,,,DFSDT,,,,,,,,,analyzing common failure reasons in decision-making,Hallucinated Tool Fix Ratio,38.9,3,2308.12519,13
757,,,,ToolBench,,,,,,DFSDT,,,,,,,,,analyzing common failure reasons in decision-making,Tool Call Error Ratio,62.5,3,2308.12519,14
758,,,,ToolBench,,,,,,DFSDT,,,,,,,,,analyzing common failure reasons in decision-making,Tool Call Error Fix Ratio,41.0,3,2308.12519,15
759,,,,ToolBench,,,,,,DFSDT,,,,,,,,,analyzing common failure reasons in decision-making,Unavailable Tool,3.0,3,2308.12519,16
760,,,,ToolBench,,,,,,DFSDT,,,,,,,,,analyzing common failure reasons in decision-making,Decision Failure,26.4,3,2308.12519,17
761,,,,ToolBench,,,,,,RaDAgent,,,,,,,,,analyzing common failure reasons in decision-making,Hallucinated Tool Ratio,42.1,3,2308.12519,18
762,,,,ToolBench,,,,,,RaDAgent,,,,,,,,,analyzing common failure reasons in decision-making,Hallucinated Tool Fix Ratio,53.3,3,2308.12519,19
763,,,,ToolBench,,,,,,RaDAgent,,,,,,,,,analyzing common failure reasons in decision-making,Tool Call Error Ratio,62.3,3,2308.12519,20
764,,,,ToolBench,,,,,,RaDAgent,,,,,,,,,analyzing common failure reasons in decision-making,Tool Call Error Fix Ratio,54.0,3,2308.12519,21
765,,,,ToolBench,,,,,,RaDAgent,,,,,,,,,analyzing common failure reasons in decision-making,Unavailable Tool,3.0,3,2308.12519,22
766,,,,ToolBench,,,,,,RaDAgent,,,,,,,,,analyzing common failure reasons in decision-making,Decision Failure,14.8,3,2308.12519,23
767,,,,,,,,1,,IO,1,PaLM-2,,,,,,0-shot,Shortest-path Reasoning Task,OR,0.14,1,2310.03965,0
768,,,,,,,,,,IO,2,PaLM-2,,,,,,0-shot,Shortest-path Reasoning Task,FR,0.37,1,2310.03965,1
769,,,,,,,,,,IO,3,PaLM-2,,,,,,0-shot,Shortest-path Reasoning Task,OLR,0.62,1,2310.03965,2
770,,,,,,,,1,,IO,1,PaLM-2,,,,,,1-shot,Shortest-path Reasoning Task,OR,0.28,1,2310.03965,3
771,,,,,,,,,,IO,2,PaLM-2,,,,,,1-shot,Shortest-path Reasoning Task,FR,0.48,1,2310.03965,4
772,,,,,,,,,,IO,3,PaLM-2,,,,,,1-shot,Shortest-path Reasoning Task,OLR,0.43,1,2310.03965,5
773,,,,,,,,1,,IO,1,PaLM-2,,,,,,5-shot,Shortest-path Reasoning Task,OR,0.26,1,2310.03965,6
774,,,,,,,,,,IO,2,PaLM-2,,,,,,5-shot,Shortest-path Reasoning Task,FR,0.41,1,2310.03965,7
775,,,,,,,,,,IO,3,PaLM-2,,,,,,5-shot,Shortest-path Reasoning Task,OLR,0.35,1,2310.03965,8
776,,,,,,,,1,,CoT,1,PaLM-2,,,,,,0-shot,Shortest-path Reasoning Task,OR,0.24,1,2310.03965,9
777,,,,,,,,,,CoT,2,PaLM-2,,,,,,0-shot,Shortest-path Reasoning Task,FR,0.52,1,2310.03965,10
778,,,,,,,,,,CoT,3,PaLM-2,,,,,,0-shot,Shortest-path Reasoning Task,OLR,0.4,1,2310.03965,11
779,,,,,,,,1,,CoT,1,PaLM-2,,,,,,1-shot,Shortest-path Reasoning Task,OR,0.33,1,2310.03965,12
780,,,,,,,,,,CoT,2,PaLM-2,,,,,,1-shot,Shortest-path Reasoning Task,FR,0.45,1,2310.03965,13
781,,,,,,,,,,CoT,3,PaLM-2,,,,,,1-shot,Shortest-path Reasoning Task,OLR,0.41,1,2310.03965,14
782,,,,,,,,1,,CoT,1,PaLM-2,,,,,,5-shot,Shortest-path Reasoning Task,OR,0.29,1,2310.03965,15
783,,,,,,,,,,CoT,2,PaLM-2,,,,,,5-shot,Shortest-path Reasoning Task,FR,0.56,1,2310.03965,16
784,,,,,,,,,,CoT,3,PaLM-2,,,,,,5-shot,Shortest-path Reasoning Task,OLR,0.39,1,2310.03965,17
785,,,,,,,,1,,BaG,1,PaLM-2,,,,,,0-shot,Shortest-path Reasoning Task,OR,0.23,1,2310.03965,18
786,,,,,,,,,,BaG,2,PaLM-2,,,,,,0-shot,Shortest-path Reasoning Task,FR,0.47,1,2310.03965,19
787,,,,,,,,,,BaG,3,PaLM-2,,,,,,0-shot,Shortest-path Reasoning Task,OLR,0.44,1,2310.03965,20
788,,,,,,,,1,,BaG,1,PaLM-2,,,,,,1-shot,Shortest-path Reasoning Task,OR,0.28,1,2310.03965,21
789,,,,,,,,,,BaG,2,PaLM-2,,,,,,1-shot,Shortest-path Reasoning Task,FR,0.52,1,2310.03965,22
790,,,,,,,,,,BaG,3,PaLM-2,,,,,,1-shot,Shortest-path Reasoning Task,OLR,0.45,1,2310.03965,23
791,,,,,,,,1,,BaG,1,PaLM-2,,,,,,5-shot,Shortest-path Reasoning Task,OR,0.26,1,2310.03965,24
792,,,,,,,,,,BaG,2,PaLM-2,,,,,,5-shot,Shortest-path Reasoning Task,FR,0.52,1,2310.03965,25
793,,,,,,,,,,BaG,3,PaLM-2,,,,,,5-shot,Shortest-path Reasoning Task,OLR,0.51,1,2310.03965,26
794,,,,,,,,1,,TP,1,PaLM-2,,,,,,0-shot,Shortest-path Reasoning Task,OR,0.36,1,2310.03965,27
795,,,,,,,,,,TP,2,PaLM-2,,,,,,0-shot,Shortest-path Reasoning Task,FR,0.57,1,2310.03965,28
796,,,,,,,,,,TP,3,PaLM-2,,,,,,0-shot,Shortest-path Reasoning Task,OLR,0.37,1,2310.03965,29
797,,,,,,,,1,,TP,1,PaLM-2,,,,,,1-shot,Shortest-path Reasoning Task,OR,0.38,1,2310.03965,30
798,,,,,,,,,,TP,2,PaLM-2,,,,,,1-shot,Shortest-path Reasoning Task,FR,0.59,1,2310.03965,31
799,,,,,,,,,,TP,3,PaLM-2,,,,,,1-shot,Shortest-path Reasoning Task,OLR,0.36,1,2310.03965,32
800,,,,,,,,1,,TP,1,PaLM-2,,,,,,5-shot,Shortest-path Reasoning Task,OR,0.37,1,2310.03965,33
801,,,,,,,,,,TP,2,PaLM-2,,,,,,5-shot,Shortest-path Reasoning Task,FR,0.62,1,2310.03965,34
802,,,,,,,,,,TP,3,PaLM-2,,,,,,5-shot,Shortest-path Reasoning Task,OLR,0.36,1,2310.03965,35
803,,,,,,,,1,,IO,1,GPT-3.5,,,,,,0-shot,Shortest-path Reasoning Task,OR,0.33,1,2310.03965,36
804,,,,,,,,,,IO,2,GPT-3.5,,,,,,0-shot,Shortest-path Reasoning Task,FR,0.5,1,2310.03965,37
805,,,,,,,,,,IO,3,GPT-3.5,,,,,,0-shot,Shortest-path Reasoning Task,OLR,0.17,1,2310.03965,38
806,,,,,,,,1,,IO,1,GPT-3.5,,,,,,1-shot,Shortest-path Reasoning Task,OR,0.62,1,2310.03965,39
807,,,,,,,,,,IO,2,GPT-3.5,,,,,,1-shot,Shortest-path Reasoning Task,FR,0.86,1,2310.03965,40
808,,,,,,,,,,IO,3,GPT-3.5,,,,,,1-shot,Shortest-path Reasoning Task,OLR,0.15,1,2310.03965,41
809,,,,,,,,1,,IO,1,GPT-3.5,,,,,,5-shot,Shortest-path Reasoning Task,OR,0.61,1,2310.03965,42
810,,,,,,,,,,IO,2,GPT-3.5,,,,,,5-shot,Shortest-path Reasoning Task,FR,0.9,1,2310.03965,43
811,,,,,,,,,,IO,3,GPT-3.5,,,,,,5-shot,Shortest-path Reasoning Task,OLR,0.27,1,2310.03965,44
812,,,,,,,,1,,CoT,1,GPT-3.5,,,,,,0-shot,Shortest-path Reasoning Task,OR,0.26,1,2310.03965,45
813,,,,,,,,,,CoT,2,GPT-3.5,,,,,,0-shot,Shortest-path Reasoning Task,FR,0.35,1,2310.03965,46
814,,,,,,,,,,CoT,3,GPT-3.5,,,,,,0-shot,Shortest-path Reasoning Task,OLR,0.13,1,2310.03965,47
815,,,,,,,,1,,CoT,1,GPT-3.5,,,,,,1-shot,Shortest-path Reasoning Task,OR,0.58,1,2310.03965,48
816,,,,,,,,,,CoT,2,GPT-3.5,,,,,,1-shot,Shortest-path Reasoning Task,FR,0.85,1,2310.03965,49
817,,,,,,,,,,CoT,3,GPT-3.5,,,,,,1-shot,Shortest-path Reasoning Task,OLR,0.16,1,2310.03965,50
818,,,,,,,,1,,CoT,1,GPT-3.5,,,,,,5-shot,Shortest-path Reasoning Task,OR,0.52,1,2310.03965,51
819,,,,,,,,,,CoT,2,GPT-3.5,,,,,,5-shot,Shortest-path Reasoning Task,FR,0.85,1,2310.03965,52
820,,,,,,,,,,CoT,3,GPT-3.5,,,,,,5-shot,Shortest-path Reasoning Task,OLR,0.32,1,2310.03965,53
821,,,,,,,,1,,BaG,1,GPT-3.5,,,,,,0-shot,Shortest-path Reasoning Task,OR,0.25,1,2310.03965,54
822,,,,,,,,,,BaG,2,GPT-3.5,,,,,,0-shot,Shortest-path Reasoning Task,FR,0.32,1,2310.03965,55
823,,,,,,,,,,BaG,3,GPT-3.5,,,,,,0-shot,Shortest-path Reasoning Task,OLR,0.13,1,2310.03965,56
824,,,,,,,,1,,BaG,1,GPT-3.5,,,,,,1-shot,Shortest-path Reasoning Task,OR,0.61,1,2310.03965,57
825,,,,,,,,,,BaG,2,GPT-3.5,,,,,,1-shot,Shortest-path Reasoning Task,FR,0.87,1,2310.03965,58
826,,,,,,,,,,BaG,3,GPT-3.5,,,,,,1-shot,Shortest-path Reasoning Task,OLR,0.14,1,2310.03965,59
827,,,,,,,,1,,BaG,1,GPT-3.5,,,,,,5-shot,Shortest-path Reasoning Task,OR,0.64,1,2310.03965,60
828,,,,,,,,,,BaG,2,GPT-3.5,,,,,,5-shot,Shortest-path Reasoning Task,FR,0.86,1,2310.03965,61
829,,,,,,,,,,BaG,3,GPT-3.5,,,,,,5-shot,Shortest-path Reasoning Task,OLR,0.13,1,2310.03965,62
830,,,,,,,,1,,ToT,1,GPT-3.5,,,,,,0-shot,Shortest-path Reasoning Task,OR,0.22,1,2310.03965,63
831,,,,,,,,,,ToT,2,GPT-3.5,,,,,,0-shot,Shortest-path Reasoning Task,FR,0.42,1,2310.03965,64
832,,,,,,,,,,ToT,3,GPT-3.5,,,,,,0-shot,Shortest-path Reasoning Task,OLR,0.82,1,2310.03965,65
833,,,,,,,,1,,ToT,1,GPT-3.5,,,,,,1-shot,Shortest-path Reasoning Task,OR,0.38,1,2310.03965,66
834,,,,,,,,,,ToT,2,GPT-3.5,,,,,,1-shot,Shortest-path Reasoning Task,FR,0.79,1,2310.03965,67
835,,,,,,,,,,ToT,3,GPT-3.5,,,,,,1-shot,Shortest-path Reasoning Task,OLR,0.72,1,2310.03965,68
836,,,,,,,,1,,ToT,1,GPT-3.5,,,,,,5-shot,Shortest-path Reasoning Task,OR,0.58,1,2310.03965,69
837,,,,,,,,,,ToT,2,GPT-3.5,,,,,,5-shot,Shortest-path Reasoning Task,FR,0.93,1,2310.03965,70
838,,,,,,,,,,ToT,3,GPT-3.5,,,,,,5-shot,Shortest-path Reasoning Task,OLR,0.32,1,2310.03965,71
839,,,,,,,,1,,TP,1,GPT-3.5,,,,,,0-shot,Shortest-path Reasoning Task,OR,0.65,1,2310.03965,72
840,,,,,,,,,,TP,2,GPT-3.5,,,,,,0-shot,Shortest-path Reasoning Task,FR,0.89,1,2310.03965,73
841,,,,,,,,,,TP,3,GPT-3.5,,,,,,0-shot,Shortest-path Reasoning Task,OLR,0.12,1,2310.03965,74
842,,,,,,,,1,,TP,1,GPT-3.5,,,,,,1-shot,Shortest-path Reasoning Task,OR,0.74,1,2310.03965,75
843,,,,,,,,,,TP,2,GPT-3.5,,,,,,1-shot,Shortest-path Reasoning Task,FR,0.89,1,2310.03965,76
844,,,,,,,,,,TP,3,GPT-3.5,,,,,,1-shot,Shortest-path Reasoning Task,OLR,0.07,1,2310.03965,77
845,,,,,,,,1,,TP,1,GPT-3.5,,,,,,5-shot,Shortest-path Reasoning Task,OR,0.73,1,2310.03965,78
846,,,,,,,,,,TP,2,GPT-3.5,,,,,,5-shot,Shortest-path Reasoning Task,FR,0.91,1,2310.03965,79
847,,,,,,,,,,TP,3,GPT-3.5,,,,,,5-shot,Shortest-path Reasoning Task,OLR,0.1,1,2310.03965,80
848,,,,,,,,1,,IO,1,GPT-4,,,,,,0-shot,Shortest-path Reasoning Task,OR,0.78,1,2310.03965,81
849,,,,,,,,,,IO,2,GPT-4,,,,,,0-shot,Shortest-path Reasoning Task,FR,1.0,1,2310.03965,82
850,,,,,,,,,,IO,3,GPT-4,,,,,,0-shot,Shortest-path Reasoning Task,OLR,0.1,1,2310.03965,83
851,,,,,,,,1,,IO,1,GPT-4,,,,,,1-shot,Shortest-path Reasoning Task,OR,0.8,1,2310.03965,84
852,,,,,,,,,,IO,2,GPT-4,,,,,,1-shot,Shortest-path Reasoning Task,FR,0.99,1,2310.03965,85
853,,,,,,,,,,IO,3,GPT-4,,,,,,1-shot,Shortest-path Reasoning Task,OLR,0.08,1,2310.03965,86
854,,,,,,,,1,,IO,1,GPT-4,,,,,,5-shot,Shortest-path Reasoning Task,OR,0.81,1,2310.03965,87
855,,,,,,,,,,IO,2,GPT-4,,,,,,5-shot,Shortest-path Reasoning Task,FR,1.0,1,2310.03965,88
856,,,,,,,,,,IO,3,GPT-4,,,,,,5-shot,Shortest-path Reasoning Task,OLR,0.08,1,2310.03965,89
857,,,,,,,,1,,CoT,1,GPT-4,,,,,,0-shot,Shortest-path Reasoning Task,OR,0.76,1,2310.03965,90
858,,,,,,,,,,CoT,2,GPT-4,,,,,,0-shot,Shortest-path Reasoning Task,FR,1.0,1,2310.03965,91
859,,,,,,,,,,CoT,3,GPT-4,,,,,,0-shot,Shortest-path Reasoning Task,OLR,0.1,1,2310.03965,92
860,,,,,,,,1,,CoT,1,GPT-4,,,,,,1-shot,Shortest-path Reasoning Task,OR,0.75,1,2310.03965,93
861,,,,,,,,,,CoT,2,GPT-4,,,,,,1-shot,Shortest-path Reasoning Task,FR,1.0,1,2310.03965,94
862,,,,,,,,,,CoT,3,GPT-4,,,,,,1-shot,Shortest-path Reasoning Task,OLR,0.11,1,2310.03965,95
863,,,,,,,,1,,CoT,1,GPT-4,,,,,,5-shot,Shortest-path Reasoning Task,OR,0.78,1,2310.03965,96
864,,,,,,,,,,CoT,2,GPT-4,,,,,,5-shot,Shortest-path Reasoning Task,FR,1.0,1,2310.03965,97
865,,,,,,,,,,CoT,3,GPT-4,,,,,,5-shot,Shortest-path Reasoning Task,OLR,0.08,1,2310.03965,98
866,,,,,,,,1,,BaG,1,GPT-4,,,,,,0-shot,Shortest-path Reasoning Task,OR,0.77,1,2310.03965,99
867,,,,,,,,,,BaG,2,GPT-4,,,,,,0-shot,Shortest-path Reasoning Task,FR,0.98,1,2310.03965,100
868,,,,,,,,,,BaG,3,GPT-4,,,,,,0-shot,Shortest-path Reasoning Task,OLR,0.09,1,2310.03965,101
869,,,,,,,,1,,BaG,1,GPT-4,,,,,,1-shot,Shortest-path Reasoning Task,OR,0.8,1,2310.03965,102
870,,,,,,,,,,BaG,2,GPT-4,,,,,,1-shot,Shortest-path Reasoning Task,FR,0.99,1,2310.03965,103
871,,,,,,,,,,BaG,3,GPT-4,,,,,,1-shot,Shortest-path Reasoning Task,OLR,0.09,1,2310.03965,104
872,,,,,,,,1,,BaG,1,GPT-4,,,,,,5-shot,Shortest-path Reasoning Task,OR,0.78,1,2310.03965,105
873,,,,,,,,,,BaG,2,GPT-4,,,,,,5-shot,Shortest-path Reasoning Task,FR,1.0,1,2310.03965,106
874,,,,,,,,,,BaG,3,GPT-4,,,,,,5-shot,Shortest-path Reasoning Task,OLR,0.11,1,2310.03965,107
875,,,,,,,,1,,ToT,1,GPT-4,,,,,,0-shot,Shortest-path Reasoning Task,OR,0.46,1,2310.03965,108
876,,,,,,,,,,ToT,2,GPT-4,,,,,,0-shot,Shortest-path Reasoning Task,FR,0.84,1,2310.03965,109
877,,,,,,,,,,ToT,3,GPT-4,,,,,,0-shot,Shortest-path Reasoning Task,OLR,0.52,1,2310.03965,110
878,,,,,,,,1,,ToT,1,GPT-4,,,,,,1-shot,Shortest-path Reasoning Task,OR,0.46,1,2310.03965,111
879,,,,,,,,,,ToT,2,GPT-4,,,,,,1-shot,Shortest-path Reasoning Task,FR,0.73,1,2310.03965,112
880,,,,,,,,,,ToT,3,GPT-4,,,,,,1-shot,Shortest-path Reasoning Task,OLR,0.4,1,2310.03965,113
881,,,,,,,,1,,ToT,1,GPT-4,,,,,,5-shot,Shortest-path Reasoning Task,OR,0.77,1,2310.03965,114
882,,,,,,,,,,ToT,2,GPT-4,,,,,,5-shot,Shortest-path Reasoning Task,FR,1.0,1,2310.03965,115
883,,,,,,,,,,ToT,3,GPT-4,,,,,,5-shot,Shortest-path Reasoning Task,OLR,0.07,1,2310.03965,116
884,,,,,,,,1,,TP,1,GPT-4,,,,,,0-shot,Shortest-path Reasoning Task,OR,0.88,1,2310.03965,117
885,,,,,,,,,,TP,2,GPT-4,,,,,,0-shot,Shortest-path Reasoning Task,FR,1.0,1,2310.03965,118
886,,,,,,,,,,TP,3,GPT-4,,,,,,0-shot,Shortest-path Reasoning Task,OLR,0.05,1,2310.03965,119
887,,,,,,,,1,,TP,1,GPT-4,,,,,,1-shot,Shortest-path Reasoning Task,OR,0.88,1,2310.03965,120
888,,,,,,,,,,TP,2,GPT-4,,,,,,1-shot,Shortest-path Reasoning Task,FR,1.0,1,2310.03965,121
889,,,,,,,,,,TP,3,GPT-4,,,,,,1-shot,Shortest-path Reasoning Task,OLR,0.04,1,2310.03965,122
890,,,,,,,,1,,TP,1,GPT-4,,,,,,5-shot,Shortest-path Reasoning Task,OR,0.86,1,2310.03965,123
891,,,,,,,,,,TP,2,GPT-4,,,,,,5-shot,Shortest-path Reasoning Task,FR,1.0,1,2310.03965,124
892,,,,,,,,,,TP,3,GPT-4,,,,,,5-shot,Shortest-path Reasoning Task,OLR,0.05,1,2310.03965,125
893,,,,ToolBench,,,,,,CoT,,,,,,,,,solution ranking on complex tasks,Pass Rate (%),16.6,1,2308.12519,0
894,,,,ToolBench,,,,,,CoT@3,,,,,,,,,solution ranking on complex tasks,Pass Rate (%),31.2,1,2308.12519,1
895,,,,ToolBench,,,,,,,,,,,,,,,solution ranking on complex tasks,Pass Rate (%),26.6,1,2308.12519,2
896,,,,ToolBench,,,,,,BFS,,,,,,,,,solution ranking on complex tasks,Pass Rate (%),38.0,1,2308.12519,3
897,,,,ToolBench,,,,,,,,,,,,,,,solution ranking on complex tasks,Pass Rate (%),45.58,1,2308.12519,4
898,,,,ToolBench,,,,,,DFSDT,,,,,,,,,solution ranking on complex tasks,Pass Rate (%),50.2,1,2308.12519,5
899,,,,ToolBench,,,,,,RaDAgent,,,,,,,,,solution ranking on complex tasks,Pass Rate (%),61.92,1,2308.12519,6
900,,,,HotpotQA,,,,,,CoT [61],,PaLM-540B,,,,,,,evaluating EM scores on HotpotQA,EM score,29.4,2,2310.01444,0
901,,,,HotpotQA,,,,,,CoT-SC [55],,PaLM-540B,,,,,,,evaluating EM scores on HotpotQA,EM score,33.4,2,2310.01444,1
902,,,,HotpotQA,,,,,,ReAct [65],,PaLM-540B,,,,,,,evaluating EM scores on HotpotQA,EM score,27.4,2,2310.01444,2
903,,,,HotpotQA,,,,,,ReAct → CoT-SC,,PaLM-540B,,,,,,,evaluating EM scores on HotpotQA,EM score,35.1,2,2310.01444,3
904,,,,HotpotQA,,,,,,ReAct,,GPT3-175B,,,,,,,evaluating EM scores on HotpotQA,EM score,30.8,2,2310.01444,4
905,,,,HotpotQA,,,,,,ReAct-Tuning,,PaLM-62B,,,,,,,evaluating EM scores on HotpotQA,EM score,32.6,2,2310.01444,5
906,,,,HotpotQA,,,,,,CoT-Tuning,,PaLM-62B,,,,,,,evaluating EM scores on HotpotQA,EM score,25.2,2,2310.01444,6
907,,,,HotpotQA,,,,,,ReAct-Tuning,,PaLM-8B,,,,,,,evaluating EM scores on HotpotQA,EM score,25.0,2,2310.01444,7
908,,,,HotpotQA,,,,,,CoT-Tuning,,PaLM-8B,,,,,,,evaluating EM scores on HotpotQA,EM score,14.1,2,2310.01444,8
909,,,,HotpotQA,,,,,,ReAct-Tuning,,LLaMA-7B,,,,,,,evaluating EM scores on HotpotQA,EM score,28.1,2,2310.01444,9
910,,,,HotpotQA,,,,,,LTC,,LLaMA-7B,,,,,,,evaluating EM scores on HotpotQA,EM score,33.2,2,2310.01444,10
911,,,,Spider,,,,,,,,CodeLlama-13B,,,,,,,discrimination accuracy,Accuracy,58.2,2,2402.10890,0
912,,,,Spider,,,,,,,,CodeLlama-13B,,,,,,,discrimination accuracy with Executability Check,Accuracy,78.7,2,2402.10890,1
913,,,,Spider,,,,,,,,CodeLlama-13B,,,,,,,discrimination accuracy with Execution Result,Accuracy,83.6,2,2402.10890,2
914,,,,Spider,,,,,,,,CodeLlama-13B,,,,,,,discrimination accuracy Improvement,Gain,25.4,2,2402.10890,3
915,,,,Bird,,,,,,,,CodeLlama-13B,,,,,,,discrimination accuracy,Accuracy,49.4,2,2402.10890,4
916,,,,Bird,,,,,,,,CodeLlama-13B,,,,,,,discrimination accuracy with Executability Check,Accuracy,78.8,2,2402.10890,5
917,,,,Bird,,,,,,,,CodeLlama-13B,,,,,,,discrimination accuracy with Execution Result,Accuracy,79.6,2,2402.10890,6
918,,,,Bird,,,,,,,,CodeLlama-13B,,,,,,,discrimination accuracy Improvement,Gain,30.2,2,2402.10890,7
919,,,,GSM8K,,,,,,,,CodeLlama-13B,,,,,,,discrimination accuracy,Accuracy,62.2,2,2402.10890,8
920,,,,GSM8K,,,,,,,,CodeLlama-13B,,,,,,,discrimination accuracy with Executability Check,Accuracy,64.5,2,2402.10890,9
921,,,,GSM8K,,,,,,,,CodeLlama-13B,,,,,,,discrimination accuracy with Execution Result,Accuracy,70.6,2,2402.10890,10
922,,,,GSM8K,,,,,,,,CodeLlama-13B,,,,,,,discrimination accuracy Improvement,Gain,8.4,2,2402.10890,11
923,,,,Spider,,,,,,,,GPT-3.5-Turbo,,,,,,,discrimination accuracy,Accuracy,67.0,2,2402.10890,12
924,,,,Spider,,,,,,,,GPT-3.5-Turbo,,,,,,,discrimination accuracy with Executability Check,Accuracy,84.8,2,2402.10890,13
925,,,,Spider,,,,,,,,GPT-3.5-Turbo,,,,,,,discrimination accuracy with Execution Result,Accuracy,90.0,2,2402.10890,14
926,,,,Spider,,,,,,,,GPT-3.5-Turbo,,,,,,,discrimination accuracy Improvement,Gain,23.0,2,2402.10890,15
927,,,,Bird,,,,,,,,GPT-3.5-Turbo,,,,,,,discrimination accuracy,Accuracy,64.3,2,2402.10890,16
928,,,,Bird,,,,,,,,GPT-3.5-Turbo,,,,,,,discrimination accuracy with Executability Check,Accuracy,86.3,2,2402.10890,17
929,,,,Bird,,,,,,,,GPT-3.5-Turbo,,,,,,,discrimination accuracy with Execution Result,Accuracy,89.2,2,2402.10890,18
930,,,,Bird,,,,,,,,GPT-3.5-Turbo,,,,,,,discrimination accuracy Improvement,Gain,24.9,2,2402.10890,19
931,,,,GSM8K,,,,,,,,GPT-3.5-Turbo,,,,,,,discrimination accuracy,Accuracy,72.1,2,2402.10890,20
932,,,,GSM8K,,,,,,,,GPT-3.5-Turbo,,,,,,,discrimination accuracy with Executability Check,Accuracy,73.2,2,2402.10890,21
933,,,,GSM8K,,,,,,,,GPT-3.5-Turbo,,,,,,,discrimination accuracy with Execution Result,Accuracy,76.5,2,2402.10890,22
934,,,,GSM8K,,,,,,,,GPT-3.5-Turbo,,,,,,,discrimination accuracy Improvement,Gain,4.4,2,2402.10890,23
935,,,,Spider,,,,,,,,CodeLlama-13B-FT,,,,,,,discrimination accuracy,Accuracy,69.7,2,2402.10890,24
936,,,,Spider,,,,,,,,CodeLlama-13B-FT,,,,,,,discrimination accuracy with Executability Check,Accuracy,83.6,2,2402.10890,25
937,,,,Spider,,,,,,,,CodeLlama-13B-FT,,,,,,,discrimination accuracy with Execution Result,Accuracy,88.5,2,2402.10890,26
938,,,,Spider,,,,,,,,CodeLlama-13B-FT,,,,,,,discrimination accuracy Improvement,Gain,18.8,2,2402.10890,27
939,,,,Bird,,,,,,,,CodeLlama-13B-FT,,,,,,,discrimination accuracy,Accuracy,62.1,2,2402.10890,28
940,,,,Bird,,,,,,,,CodeLlama-13B-FT,,,,,,,discrimination accuracy with Executability Check,Accuracy,82.2,2,2402.10890,29
941,,,,Bird,,,,,,,,CodeLlama-13B-FT,,,,,,,discrimination accuracy with Execution Result,Accuracy,85.1,2,2402.10890,30
942,,,,Bird,,,,,,,,CodeLlama-13B-FT,,,,,,,discrimination accuracy Improvement,Gain,23.0,2,2402.10890,31
943,,,,GSM8K,,,,,,,,CodeLlama-13B-FT,,,,,,,discrimination accuracy,Accuracy,nan,2,2402.10890,32
944,,,,GSM8K,,,,,,,,CodeLlama-13B-FT,,,,,,,discrimination accuracy with Executability Check,Accuracy,nan,2,2402.10890,33
945,,,,GSM8K,,,,,,,,CodeLlama-13B-FT,,,,,,,discrimination accuracy with Execution Result,Accuracy,nan,2,2402.10890,34
946,,,,GSM8K,,,,,,,,CodeLlama-13B-FT,,,,,,,discrimination accuracy Improvement,Gain,nan,2,2402.10890,35
