address,category,city,country,employees,founded,fundation_year,investors,link,market_cap,name,ownership,revenue,satus,stage,telephone,total_raised,type,unnamed,valuation,full_address,latitude,longitude
,IT Services & Consulting,Mumbai Maharashtra India,,,,1968 (55 yrs old),,,,TCS,Public,,,,,,,,,Mumbai Maharashtra India,19.09015275,72.86371349380883
,IT Services & Consulting,Dublin Ireland,,,,1989 (34 yrs old),,,,Accenture,Public,,,,,,,,,Dublin Ireland,53.3493795,-6.2605593
,IT Services & Consulting,Teaneck New Jersey United States USA,,,,1994 (29 yrs old),,,,Cognizant,Private,,,,,,,,,Teaneck New Jersey United States USA,,
,Banking,Mumbai Maharashtra India,,,,1994 (29 yrs old),,,,ICICI Bank,Public,,,,,,,,,Mumbai Maharashtra India,19.09015275,72.86371349380883
,Banking,Mumbai Maharashtra India,,,,1994 (29 yrs old),,,,HDFC Bank,Public,,,,,,,,,Mumbai Maharashtra India,19.09015275,72.86371349380883
,IT Services & Consulting,Bangalore/Bengaluru Karnataka India,,,,1945 (78 yrs old),,,,Wipro,Public,,,,,,,,,Bangalore/Bengaluru Karnataka India,12.98815675,77.62260003796
,IT Services & Consulting,Bengaluru/Bangalore Karnataka India,,,,1981 (42 yrs old),,,,Infosys,Public,,,,,,,,,Bengaluru/Bangalore Karnataka India,12.98815675,77.62260003796
,IT Services & Consulting,Paris France,,,,1967 (56 yrs old),,,,Capgemini,Public,,,,,,,,,Paris France,48.8588897,2.3200410217200766
,IT Services & Consulting,Pune Maharashtra India,,,,1986 (37 yrs old),,,,Tech Mahindra,Public,,,,,,,,,Pune Maharashtra India,18.64486265,73.92241565390222
,IT Services & Consulting,New York New York United States USA,,,,1997 (26 yrs old),,,,Genpact,Public,,,,,,,,,New York New York United States USA,41.4499432,-74.02842191730669
,IT Services & Consulting,,,,,1991 (32 yrs old),,,,HCLTech,Public,,,,,,,,,,,
,Internet,SeattleWashington United States,,,,1994 (29 yrs old),,,,Amazon,Public,,,,,,,,,SeattleWashington United States,,
,Banking,Mumbai Maharashtra India,,,,1993 (30 yrs old),,,,Axis Bank,Public,,,,,,,,,Mumbai Maharashtra India,19.09015275,72.86371349380883
,Software Product,ArmonkNew York United States,,,,1911 (112 yrs old),,,,IBM,Public,,,,,,,,,ArmonkNew York United States,,
,BPO,Fremont California United States USA,,,,1983 (40 yrs old),,,,Concentrix Corporation,Public,,,,,,,,,Fremont California United States USA,,
,Telecom,Navi Mumbai Maharashtra India,,,,2007 (16 yrs old),,,,Reliance jio,Public,,,,,,,,,Navi Mumbai Maharashtra India,18.984407954400233,73.01893133109773
,Engineering & Construction,Mumbai Maharashtra India,,,,1946 (77 yrs old),,,,Larsen & Toubro Limited,Public,,,,,,,,,Mumbai Maharashtra India,19.09015275,72.86371349380883
,NBFC,Ahmedabad Gujrat India,,,,2007 (16 yrs old),,,,HDB Financial Services,Private,,,,,,,,,Ahmedabad Gujrat India,,
,IT Services & Consulting,Gandhinagar Gujrat India,,,,2018 (5 yrs old),,,,Vodafone Idea,Public,,,,,,,,,Gandhinagar Gujrat India,,
,BPO,Paris France,,,,1978 (45 yrs old),,,,Teleperformance,Private,,,,,,,,,Paris France,48.8588897,2.3200410217200766
,Retail,Navi Mumbai Maharashtra India,,,,2006 (17 yrs old),,,,Reliance Retail,Private,,,,,,,,,Navi Mumbai Maharashtra India,18.984407954400233,73.01893133109773
,Banking,Mumbai Maharashtra India,,,,2003 (20 yrs old),,,,Kotak Mahindra Bank,Public,,,,,,,,,Mumbai Maharashtra India,19.09015275,72.86371349380883
,Management Consulting,New York New York United States USA,,,,1845 (178 yrs old),,,,Deloitte,Private,,,,,,,,,New York New York United States USA,41.4499432,-74.02842191730669
,Oil & Gas,Navi Mumbai Maharashtra India,,,,1973 (50 yrs old),,,,Reliance Industries,Public,,,,,,,,,Navi Mumbai Maharashtra India,18.984407954400233,73.01893133109773
,Telecom,Gurgaon/Gurugram Haryana India,,,,1995 (28 yrs old),,,,Bharti Airtel,Public,,,,,,,,,Gurgaon/Gurugram Haryana India,28.4891009,77.0111934
,Automobile,Pune Maharashtra India,,,,1945 (78 yrs old),,,,Tata Motors,Public,,,,,,,,,Pune Maharashtra India,18.64486265,73.92241565390222
,EdTech,BangaloreKarnataka India,,,,2011 (12 yrs old),,,,BYJU'S,Private,,,,,,,,,BangaloreKarnataka India,,
,Internet,BangaloreKarnataka India,,,,2007 (16 yrs old),,,,Flipkart,Public,,,,,,,,,BangaloreKarnataka India,,
,Analytics & KPO,Mumbai Maharashtra India,,,,1996 (27 yrs old),,,,WNS,Private,,,,,,,,,Mumbai Maharashtra India,19.09015275,72.86371349380883
,Automobile,Mumbai Maharashtra India,,,,1945 (78 yrs old),,,,Mahindra & Mahindra,Public,,,,,,,,,Mumbai Maharashtra India,19.09015275,72.86371349380883
,Banking,Gurgaon/Gurugram Haryana India,,,,1994 (29 yrs old),,,,IndusInd Bank,Public,,,,,,,,,Gurgaon/Gurugram Haryana India,28.4891009,77.0111934
,Consulting,London England,,,,1989 (34 yrs old),,,,Ernst & Young,Private,,,,,,,,,London England,51.5074456,-0.1277653
,IT Services & Consulting,MinatoTokyo Japan,,,,2017 (6 yrs old),,,,DXC Technology,Public,,,,,,,,,MinatoTokyo Japan,,
,BPO,Bangalore/Bengaluru Karnataka India,,,,2000 (23 yrs old),,,,Hinduja Global Solutions,Public,,,,,,,,,Bangalore/Bengaluru Karnataka India,12.98815675,77.62260003796
,BPO,Bangalore/Bengaluru Karnataka India,,,,2002 (21 yrs old),,,,Infosys BPM,,,,,,,,,,Bangalore/Bengaluru Karnataka India,12.98815675,77.62260003796
,Automobile,New Delhi Delhi India,,,,1983 (40 yrs old),,,,Maruti Suzuki,Public,,,,,,,,,New Delhi Delhi India,28.64308585,77.21926705734865
,Banking,Mumbai Maharashtra India,,,,2018 (5 yrs old),,,,IDFC FIRST Bank,Public,,,,,,,,,Mumbai Maharashtra India,19.09015275,72.86371349380883
,Banking,Pune Maharashtra India,,,,2002 (21 yrs old),,,,HSBC,Private,,,,,,,,,Pune Maharashtra India,18.64486265,73.92241565390222
,Insurance,PuneMaharashtra India,,,,2007 (16 yrs old),,,,Bajaj Finserv,Public,,,,,,,,,PuneMaharashtra India,,
,Telecom,StockholmStockholm County Sweden,,,,1876 (147 yrs old),,,,Ericsson,Private,,,,,,,,,StockholmStockholm County Sweden,,
,Analytics & KPO,Mumbai Maharashtra India,,,,2002 (21 yrs old),,,,Conneqt Business Solutions,Private,,,,,,,,,Mumbai Maharashtra India,19.09015275,72.86371349380883
,IT Services & Consulting,Bangalore/Bengaluru Karnataka India,,,,1998 (25 yrs old),,,,Mphasis,Public,,,,,,,,,Bangalore/Bengaluru Karnataka India,12.98815675,77.62260003796
,BPO,Mumbai Maharashtra India,,,,2017 (6 yrs old),,,,Startek,Public,,,,,,,,,Mumbai Maharashtra India,19.09015275,72.86371349380883
,Pharma,Hyderabad/Secunderabad Telangana India,,,,1986 (37 yrs old),,,,Dr. Reddy's,Public,,,,,,,,,Hyderabad/Secunderabad Telangana India,17.442473907634827,78.50469052729599
,IT Services & Consulting,Pittsford New York United States USA,,,,1986 (37 yrs old),,,,Sutherland Global Services,Private,,,,,,,,,Pittsford New York United States USA,,
,Pharma,Mumbai Maharashtra India,,,,1935 (88 yrs old),,,,Cipla Pharmaceutical,Public,,,,,,,,,Mumbai Maharashtra India,19.09015275,72.86371349380883
,Banking,Mumbai Maharashtra India,,,,2004 (19 yrs old),,,,Yes Bank,Public,,,,,,,,,Mumbai Maharashtra India,19.09015275,72.86371349380883
,Internet,BangaloreKarnataka India,,,,2016 (7 yrs old),,,,Udaan,Private,,,,,,,,,BangaloreKarnataka India,,
,Banking,Bangalore/Bengaluru Karnataka India,,,,2006 (17 yrs old),,,,Jana Small Finance Bank,Public,,,,,,,,,Bangalore/Bengaluru Karnataka India,12.98815675,77.62260003796
,Chemicals,Mumbai Maharashtra India,,,,1942 (81 yrs old),,,,Asian Paints,Public,,,,,,,,,Mumbai Maharashtra India,19.09015275,72.86371349380883
,IT Services & Consulting,Chiyoda City Tokyo Japan,,,,1988 (35 yrs old),,,,NTT DATA,Private,,,,,,,,,Chiyoda City Tokyo Japan,35.6941626,139.7535624
,Insurance,Mumbai Maharashtra India,,,,2000 (23 yrs old),,,,ICICI Prudential Life Insurance,Public,,,,,,,,,Mumbai Maharashtra India,19.09015275,72.86371349380883
,Insurance,Mumbai Maharashtra India,,,,2000 (23 yrs old),,,,HDFC Life,Public,,,,,,,,,Mumbai Maharashtra India,19.09015275,72.86371349380883
,Pharma,Mumbai Maharashtra India,,,,1968 (55 yrs old),,,,Lupin,Public,,,,,,,,,Mumbai Maharashtra India,19.09015275,72.86371349380883
,IT Services & Consulting,,,,,,,,,HCL Group,,,,,,,,,,,,
,Consulting,London United Kingdom UK,,,,1998 (25 yrs old),,,,PwC,Partnership,,,,,,,,,London United Kingdom UK,51.40749825,-0.10324346811911217
,Analytics & KPO,New York CityNew York United States,,,,1999 (24 yrs old),,,,EXL Service,Private,,,,,,,,,New York CityNew York United States,,
,BPO,Noida Uttar Pradesh India,,,,2000 (23 yrs old),,,,iEnergizer,Private,,,,,,,,,Noida Uttar Pradesh India,28.5706333,77.3272147
,Defence & Aerospace,New Delhi Delhi India,,,,1895 (128 yrs old),,,,Indian Army,Public,,,,,,,,,New Delhi Delhi India,28.64308585,77.21926705734865
,IT Services & Consulting,Mumbai Maharashtra India,,,,1996 (27 yrs old),,,,L&T Infotech,Public,,,,,,,,,Mumbai Maharashtra India,19.09015275,72.86371349380883
,Building Material,Mumbai Maharashtra India,,,,1983 (40 yrs old),,,,UltraTech Cement,Public,,,,,,,,,Mumbai Maharashtra India,19.09015275,72.86371349380883
,NBFC,Pune Maharashtra India,,,,1987 (36 yrs old),,,,Bajaj Finance,Private,,,,,,,,,Pune Maharashtra India,18.64486265,73.92241565390222
,Financial Services,Gurugram India,,,,2012 (11 yrs old),,,,Home Credit Finance,Private,,,,,,,,,Gurugram India,28.4646148,77.0299194
,Consulting,,,,,1987 (36 yrs old),,,,KPMG,Partnership,,,,,,,,,,,
,BPO,Noida India,,,,2010 (13 yrs old),,,,Paytm,Public,,,,,,,,,Noida India,28.5706333,77.3272147
,IT Services & Consulting,Bangalore/Bengaluru Karnataka India,,,,1999 (24 yrs old),,,,Mindtree,Public,,,,,,,,,Bangalore/Bengaluru Karnataka India,12.98815675,77.62260003796
,FMCG,Mumbai Maharashtra India,,,,1933 (90 yrs old),,,,Hindustan Unilever,Public,,,,,,,,,Mumbai Maharashtra India,19.09015275,72.86371349380883
,FMCG,Kolkata West Bengal India,,,,1975 (48 yrs old),,,,ITC,Public,,,,,,,,,Kolkata West Bengal India,22.5726459,88.3638953
,Banking,Bangalore/Bengaluru Karnataka India,,,,2017 (6 yrs old),,,,Ujjivan Small Finance Bank,Public,,,,,,,,,Bangalore/Bengaluru Karnataka India,12.98815675,77.62260003796
,Financial Services,Mumbai Maharashtra India,,,,1995 (28 yrs old),,,,IIFL,Public,,,,,,,,,Mumbai Maharashtra India,19.09015275,72.86371349380883
,Banking,Kolkata West Bengal India,,,,2001 (22 yrs old),,,,Bandhan Bank,Public,,,,,,,,,Kolkata West Bengal India,22.5726459,88.3638953
,Consumer Electronics & Appliances,Dongguan Guangdong China,,,,2004 (19 yrs old),,,,OPPO,Public,,,,,,,,,Dongguan Guangdong China,23.0205969,113.7457788
,Investment Banking / Venture Capital / Private Equity,New York New York United States USA,,,,2000 (23 yrs old),,,,JP Morgan Chase,Private,,,,,,,,,New York New York United States USA,41.4499432,-74.02842191730669
,IT Services & Consulting,San Francisco California United States USA,,,,1852 (171 yrs old),,,,Wells Fargo India,Public,,,,,,,,,San Francisco California United States USA,,
,Pharma,Ahmedabad India India,,,,1952 (71 yrs old),,,,Zydus Cadila,Public,,,,,,,,,Ahmedabad India India,23.039799,72.5687134
,Logistics,DelhiNCT India,,,,2011 (12 yrs old),,,,Delhivery,Private,,,,,,,,,DelhiNCT India,,
,NBFC,Mumbai Maharashtra India,,,,1979 (44 yrs old),,,,Shriram Transport Finance,Public,,,,,,,,,Mumbai Maharashtra India,19.09015275,72.86371349380883
,Pharma,Mumbai India,,,,1983 (40 yrs old),,,,Sun Pharmaceutical Industries,Public,,,,,,,,,Mumbai India,19.054999,72.8692035
,Engineering & Construction,Mumbai Maharashtra India,,,,1865 (158 yrs old),,,,Shapoorji Pallonji Group,Private,,,,,,,,,Mumbai Maharashtra India,19.09015275,72.86371349380883
,Automobile,Chennai Tamil Nadu India,,,,1948 (75 yrs old),,,,Ashok Leyland,Public,,,,,,,,,Chennai Tamil Nadu India,13.0836939,80.270186
,Pharma,Hyderabad/Secunderabad Telangana India,,,,1986 (37 yrs old),,,,Aurobindo Pharma,Public,,,,,,,,,Hyderabad/Secunderabad Telangana India,17.442473907634827,78.50469052729599
,Consumer Electronics & Appliances,Gurgaon/Gurugram Haryana India,,,,2009 (14 yrs old),,,,Vivo,Private,,,,,,,,,Gurgaon/Gurugram Haryana India,28.4891009,77.0111934
,NBFC,Mumbai Maharashtra India,,,,1991 (32 yrs old),,,,Mahindra & Mahindra Financial Services,Public,,,,,,,,,Mumbai Maharashtra India,19.09015275,72.86371349380883
,Financial Services,Jaipur Rajasthan India,,,,1996 (27 yrs old),,,,AU Small Finance Bank,Private,,,,,,,,,Jaipur Rajasthan India,26.9154576,75.8189817
,Power,MunichBavaria Germany,,,,1847 (176 yrs old),,,,Siemens,Public,,,,,,,,,MunichBavaria Germany,,
,Healthcare,San FranciscoCalifornia United States,,,,1983 (40 yrs old),,,,Apollo Hospitals,Public,,,,,,,,,San FranciscoCalifornia United States,,
,IT Services & Consulting,HoustonTexas United States,,,,2015 (8 yrs old),,,,Hewlett-Packard Enterprise,Private,,,,,,,,,HoustonTexas United States,,
,Hardware & Networking,Espoo Southern Finland Finland,,,,1865 (158 yrs old),,,,Nokia,Private,,,,,,,,,Espoo Southern Finland Finland,,
,Insurance,Gurgaon/Gurugram Haryana India,,,,2000 (23 yrs old),,,,Max Life Insurance,JV,,,,,,,,,Gurgaon/Gurugram Haryana India,28.4891009,77.0111934
,Iron & Steel,Mumbai Maharashtra India,,,,1907 (116 yrs old),,,,TATA Steel,Public,,,,,,,,,Mumbai Maharashtra India,19.09015275,72.86371349380883
,Iron & Steel,Mumbai Maharashtra India,,,,1907 (116 yrs old),,,,TATA Steel,Public,,,,,,,,,Mumbai Maharashtra India,19.09015275,72.86371349380883
,BPO,Mumbai Maharashtra India,,,,2001 (22 yrs old),,,,First Source,Public,,,,,,,,,Mumbai Maharashtra India,19.09015275,72.86371349380883
,IT Services & Consulting,Mumbai Maharashtra India,,,,1990 (33 yrs old),,,,Hexaware Technologies,Public,,,,,,,,,Mumbai Maharashtra India,19.09015275,72.86371349380883
,Iron & Steel,Mumbai Maharashtra India,,,,1982 (41 yrs old),,,,JSW Steel,Public,,,,,,,,,Mumbai Maharashtra India,19.09015275,72.86371349380883
,Software Product,AustinTexas United States,,,,1977 (46 yrs old),,,,Oracle,Public,,,,,,,,,AustinTexas United States,,
,BPO,Mumbai Maharashtra India,,,,2000 (23 yrs old),,,,Intelenet Global Services,Private,,,,,,,,,Mumbai Maharashtra India,19.09015275,72.86371349380883
,Recruitment,Bangalore India,,,,2007 (16 yrs old),,,,Quess,Public,,,,,,,,,Bangalore India,12.98815675,77.62260003796
,Telecom,Navi Mumbai Maharashtra India,,,,2002 (21 yrs old),,,,Reliance Communications,Public,,,,,,,,,Navi Mumbai Maharashtra India,18.984407954400233,73.01893133109773
,Engineering & Construction,Mumbai Maharashtra India,,,,1979 (44 yrs old),,,,Tata Projects,Public,,,,,,,,,Mumbai Maharashtra India,19.09015275,72.86371349380883
,Retail,Mumbai Maharashtra India,,,,2013 (10 yrs old),,,,Future Group,Private,,,,,,,,,Mumbai Maharashtra India,19.09015275,72.86371349380883
,Real Estate,Mumbai Maharashtra India,,,,1997 (26 yrs old),,,,JLL,Private,,,,,,,,,Mumbai Maharashtra India,19.09015275,72.86371349380883
,Automobile,Gurgaon/Gurugram Haryana India,,,,1984 (39 yrs old),,,,Hero MotoCorp,Public,,,,,,,,,Gurgaon/Gurugram Haryana India,28.4891009,77.0111934
,IT Services & Consulting,JacksonvilleFlorida United States,,,,1968 (55 yrs old),,,,Fidelity National Information Services,Private,,,,,,,,,JacksonvilleFlorida United States,,
,Internet,MumbaiMaharashtra India,,,,1996 (27 yrs old),,,,JustDial,Public,,,,,,,,,MumbaiMaharashtra India,,
,Automobile,Chennai Tamil Nadu India,,,,1979 (44 yrs old),,,,TVS Motor,Public,,,,,,,,,Chennai Tamil Nadu India,13.0836939,80.270186
,IT Services & Consulting,Hyderabad/Secunderabad Telangana India,,,,1991 (32 yrs old),,,,Cyient,Public,,,,,,,,,Hyderabad/Secunderabad Telangana India,17.442473907634827,78.50469052729599
,Hospitality,GurgaonHaryana India,,,,2013 (10 yrs old),,,,Oyo Rooms,Private,,,,,,,,,GurgaonHaryana India,,
,Insurance,Pune India,,,,2001 (22 yrs old),,,,Bajaj Allianz Life Insurance,Private,,,,,,,,,Pune India,18.5213738,73.8545071
,Automobile,Seoul South Korea,,,,1967 (56 yrs old),,,,Hyundai Motor,Private,,,,,,,,,Seoul South Korea,37.5666791,126.9782914
,IT Services & Consulting,Bengaluru India,,,,2000 (23 yrs old),,,,Wipro BPS,,,,,,,,,,Bengaluru India,12.98815675,77.62260003796
,Auto Components,Gerlingen Baden-Wuerttemberg Germany,,,,1886 (137 yrs old),,,,Bosch,Public,,,,,,,,,Gerlingen Baden-Wuerttemberg Germany,48.7983947,9.0624386
,Engineering & Construction,Hyderabad/Secunderabad Telangana India,,,,1989 (34 yrs old),,,,Megha Engineering & Infrastructures,Private,,,,,,,,,Hyderabad/Secunderabad Telangana India,17.442473907634827,78.50469052729599
,IT Services & Consulting,Florida UnitedStates,,,,2004 (19 yrs old),,,,Omega Healthcare,Private,,,,,,,,,Florida UnitedStates,,
,Engineering & Construction,Chennai India,,,,1944 (79 yrs old),,,,L&T Construction,Public,,,,,,,,,Chennai India,13.0836939,80.270186
,IT Services & Consulting,Troy Michigan United States USA,,,,1980 (43 yrs old),,,,Atos Syntel,Private,,,,,,,,,Troy Michigan United States USA,,
,Retail,Mumbai Maharashtra India,,,,2000 (23 yrs old),,,,D Mart,Private,,,,,,,,,Mumbai Maharashtra India,19.09015275,72.86371349380883
,NBFC,Thrissur/Trichur Kerala India,,,,1949 (74 yrs old),,,,Manappuram Finance,Public,,,,,,,,,Thrissur/Trichur Kerala India,10.5161402,76.2084616
,FinTech,Gurgaon/Gurugram Haryana India,,,,1998 (25 yrs old),,,,SBI Cards & Payment Services,Government,,,,,,,,,Gurgaon/Gurugram Haryana India,28.4891009,77.0111934
,Consumer Electronics & Appliances,Seoul South Korea,,,,1938 (85 yrs old),,,,Samsung,Public,,,,,,,,,Seoul South Korea,37.5666791,126.9782914
,IT Services & Consulting,New York City New York United States USA,,,,2004 (19 yrs old),,,,BNY Mellon,Private,,,,,,,,,New York City New York United States USA,41.941087350000004,-74.04776477123686
,Automobile,Columbus Indiana United States USA,,,,1962 (61 yrs old),,,,Cummins,,,,,,,,,,Columbus Indiana United States USA,,
,Financial Services,Mumbai India,,,,2007 (16 yrs old),,,,Fullerton India,Private,,,,,,,,,Mumbai India,19.054999,72.8692035
,Clinical Research,Durham United States,,,,1982 (41 yrs old),,,,IQVIA,Partnership,,,,,,,,,Durham United States,35.996653,-78.9018053
,IT Services & Consulting,Munich Bavaria Germany,,,,1996 (27 yrs old),,,,Nagarro,Private,,,,,,,,,Munich Bavaria Germany,48.1371079,11.5753822
,Pharma,Canonsburg Pennsylvania United States USA,,,,1961 (62 yrs old),,,,Viatris,,,,,,,,,,Canonsburg Pennsylvania United States USA,,
,Retail,Mumbai India,,,,2015 (8 yrs old),,,,Aditya Birla Fashion and Retail,Private,,,,,,,,,Mumbai India,19.054999,72.8692035
,Internet,BangaloreKarnataka India,,,,2011 (12 yrs old),,,,BigBasket,Private,,,,,,,,,BangaloreKarnataka India,,
,Software Product,ChesterfieldMissouri United States,,,,1982 (41 yrs old),,,,Amdocs,Private,,,,,,,,,ChesterfieldMissouri United States,,
,Real Estate,Los Angeles California United States USA,,,,1906 (117 yrs old),,,,CBRE,Private,,,,,,,,,Los Angeles California United States USA,,
,Software Product,Gerlingen Germany,,,,1990 (33 yrs old),,,,Bosch Global Software Technologies,Private,,,,,,,,,Gerlingen Germany,48.7983947,9.0624386
,Internet,NoidaUttar Pradesh India,,,,1996 (27 yrs old),,,,Indiamart Intermesh,Private,,,,,,,,,NoidaUttar Pradesh India,,
,FMCG,Mumbai Maharashtra India,,,,1897 (126 yrs old),,,,Godrej & Boyce Manufacturing,Private,,,,,,,,,Mumbai Maharashtra India,19.09015275,72.86371349380883
,Industrial Automation,Paris France,,,,1999 (24 yrs old),,,,Schneider Electric,Private,,,,,,,,,Paris France,48.8588897,2.3200410217200766
,Automobile,Gurgaon/Gurugram Haryana India,,,,1901 (122 yrs old),,,,Royal Enfield,Private,,,,,,,,,Gurgaon/Gurugram Haryana India,28.4891009,77.0111934
,IT Services & Consulting,Aliso Viejo California United States USA,,,,2001 (22 yrs old),,,,UST,Private,,,,,,,,,Aliso Viejo California United States USA,,
,Other,Dearborn Michigan United States USA,,,,1903 (120 yrs old),,,,Ford Motor,Public,,,,,,,,,Dearborn Michigan United States USA,,
,Logistics,GurgaonHaryana India,,,,2012 (11 yrs old),,,,Ecom Express,Private,,,,,,,,,GurgaonHaryana India,,
,Auto Components,Gurgaon/Gurugram Haryana India,,,,1983 (40 yrs old),,,,JBM Group,Public,,,,,,,,,Gurgaon/Gurugram Haryana India,28.4891009,77.0111934
,Banking,Chennai Tamil Nadu India,,,,2007 (16 yrs old),,,,Equitas Small Finance Bank,Private,,,,,,,,,Chennai Tamil Nadu India,13.0836939,80.270186
,Banking,Mumbai Maharashtra India,,,,1806 (217 yrs old),,,,State Bank of India,,,,,,,,,,Mumbai Maharashtra India,19.09015275,72.86371349380883
,Consumer Electronics & Appliances,Round RockTexas United States,,,,1984 (39 yrs old),,,,Dell,Private,,,,,,,,,Round RockTexas United States,,
,Insurance,Mumbai Maharashtra India,,,,2001 (22 yrs old),,,,ICICI Lombard General Insurance Company,Public,,,,,,,,,Mumbai Maharashtra India,19.09015275,72.86371349380883
,EdTech,MumbaiMaharashtra India,,,,2018 (5 yrs old),,,,Whitehat jr,Private,,,,,,,,,MumbaiMaharashtra India,,
,Engineering & Construction,Hyderabad/Secunderabad Telangana India,,,,1998 (25 yrs old),,,,Nagarjuna Construction Company,Public,,,,,,,,,Hyderabad/Secunderabad Telangana India,17.442473907634827,78.50469052729599
,Healthcare,Minnetonka Minnesota United States USA,,,,1977 (46 yrs old),,,,UnitedHealth,Private,,,,,,,,,Minnetonka Minnesota United States USA,,
,Automobile,Pune Maharashtra India,,,,1945 (78 yrs old),,,,Bajaj Auto,Public,,,,,,,,,Pune Maharashtra India,18.64486265,73.92241565390222
,NBFC,Kochi/Cochin Kerala India,,,,1939 (84 yrs old),,,,Muthoot Finance,Public,,,,,,,,,Kochi/Cochin Kerala India,9.871099449999999,76.27827654307958
,Telecom,Mumbai Maharashtra India,,,,1986 (37 yrs old),,,,Tata Communications,Public,,,,,,,,,Mumbai Maharashtra India,19.09015275,72.86371349380883
,NBFC,Trivandrum/Thiruvananthapuram Kerala India,,,,1887 (136 yrs old),,,,Muthoot Fincorp,Private,,,,,,,,,Trivandrum/Thiruvananthapuram Kerala India,8.4882267,76.947551
,IT Services & Consulting,Moline Illinois United States USA,,,,2001 (22 yrs old),,,,John Deere,Private,,,,,,,,,Moline Illinois United States USA,,
,IT Services & Consulting,San Jose California United States USA,,,,2000 (23 yrs old),,,,GlobalLogic,Private,,,,,,,,,San Jose California United States USA,,
,Hospitality,Ypsilanti Michigan United States USA,,,,1960 (63 yrs old),,,,Dominos Pizza,Public,,,,,,,,,Ypsilanti Michigan United States USA,,
,NBFC,Chennai Tamil Nadu India,,,,1978 (45 yrs old),,,,Cholamandalam Investment & Finance,Private,,,,,,,,,Chennai Tamil Nadu India,13.0836939,80.270186
,FMCG,Bangalore/Bengaluru Karnataka India,,,,1945 (78 yrs old),,,,Wipro Consumer Care & Lighting,Private,,,,,,,,,Bangalore/Bengaluru Karnataka India,12.98815675,77.62260003796
,NBFC,Mumbai Maharashtra India,,,,1994 (29 yrs old),,,,L&T Financial Services,Public,,,,,,,,,Mumbai Maharashtra India,19.09015275,72.86371349380883
,Insurance,Mumbai Maharashtra India,,,,2001 (22 yrs old),,,,SBI Life Insurance Company,Government,,,,,,,,,Mumbai Maharashtra India,19.09015275,72.86371349380883
,,,,,,,,,,Capgemini Technology Services India Limited,,,,,,,,,,,,
,IT Services & Consulting,Southborough Massachusetts United States USA,,,,1996 (27 yrs old),,,,Virtusa Consulting Services,Private,,,,,,,,,Southborough Massachusetts United States USA,,
,Financial Services,San MateoCalifornia United States,,,,2011 (12 yrs old),,,,Axis Direct,Private,,,,,,,,,San MateoCalifornia United States,,
,Real Estate,Mumbai Maharashtra India,,,,1945 (78 yrs old),,,,KEC International,Public,,,,,,,,,Mumbai Maharashtra India,19.09015275,72.86371349380883
,Pharma,Hyderabad/Secunderabad Telangana India,,,,1993 (30 yrs old),,,,Hetero Drugs,Private,,,,,,,,,Hyderabad/Secunderabad Telangana India,17.442473907634827,78.50469052729599
,Consumer Electronics & Appliances,Seoul Seoul South Korea,,,,1958 (65 yrs old),,,,LG Electronics,Public,,,,,,,,,Seoul Seoul South Korea,37.5545547,126.9707793
,IT Services & Consulting,Bangalore India,,,,1945 (78 yrs old),,,,Wipro Infotech,Private,,,,,,,,,Bangalore India,12.98815675,77.62260003796
,Auto Components,Noida Uttar Pradesh India,,,,1986 (37 yrs old),,,,Motherson Sumi Systems,Public,,,,,,,,,Noida Uttar Pradesh India,28.5706333,77.3272147
,Facility Management Services,Issy les Moulineaux France,,,,2008 (15 yrs old),,,,Sodexo,Private,,,,,,,,,Issy les Moulineaux France,48.8250508,2.273457
,Internet,BangaloreKarnataka India,,,,2014 (9 yrs old),,,,Swiggy,Private,,,,,,,,,BangaloreKarnataka India,,
,Industrial Machinery,Pune Maharashtra India,,,,1980 (43 yrs old),,,,Thermax,Public,,,,,,,,,Pune Maharashtra India,18.64486265,73.92241565390222
,Healthcare,Minnesota United States USA,,,,1977 (46 yrs old),,,,Optum,Private,,,,,,,,,Minnesota United States USA,46.28264875,-96.07457445378682
,Pharma,Illinois City Illinois United States USA,,,,1991 (32 yrs old),,,,Abbott Healthcare,Public,,,,,,,,,Illinois City Illinois United States USA,,
,Pharma,Ahmedabad Gujrat India,,,,2000 (23 yrs old),,,,Intas Pharmaceuticals,Private,,,,,,,,,Ahmedabad Gujrat India,,
,Pharma,Mumbai Maharashtra India,,,,1986 (37 yrs old),,,,Macleods Pharmaceuticals,Public,,,,,,,,,Mumbai Maharashtra India,19.09015275,72.86371349380883
,Auto Components,Noida Uttar Pradesh India,,,,1985 (38 yrs old),,,,Subros,Public,,,,,,,,,Noida Uttar Pradesh India,28.5706333,77.3272147
,IT Services & Consulting,New Jersey United States,,,,1949 (74 yrs old),,,,Automatic Data Processing (ADP),,,,,,,,,,New Jersey United States,40.0757384,-74.4041622
,Automobile,Gurgaon/Gurugram Haryana India,,,,2008 (15 yrs old),,,,VE Commercial Vehicles,Private,,,,,,,,,Gurgaon/Gurugram Haryana India,28.4891009,77.0111934
,Beverage,Gurgaon/Gurugram Haryana India,,,,1995 (28 yrs old),,,,Varun Beverages,Public,,,,,,,,,Gurgaon/Gurugram Haryana India,28.4891009,77.0111934
,Beverage,Bangalore India,,,,1997 (26 yrs old),,,,Hindustan Coca Cola Beverages,Private,,,,,,,,,Bangalore India,12.98815675,77.62260003796
,NBFC,Mumbai India,,,,2020 (3 yrs old),,,,Piramal Capital Housing Finance,,,,,,,,,,Mumbai India,19.054999,72.8692035
,IT Services & Consulting,Vadodara/Baroda Gujarat India,,,,2012 (11 yrs old),,,,L&T Technology Services,Public,,,,,,,,,Vadodara/Baroda Gujarat India,22.2973142,73.1942567
,Consumer Electronics & Appliances,Bangalore/Bengaluru Karnataka India,,,,1954 (69 yrs old),,,,Bel,Private,,,,,,,,,Bangalore/Bengaluru Karnataka India,12.98815675,77.62260003796
,,Chennai Tamil Nadu India,,,,1992 (31 yrs old),,,,Randstad,Private,,,,,,,,,Chennai Tamil Nadu India,13.0836939,80.270186
,Chemicals / Agri Inputs,Mumbai Maharashtra India,,,,1959 (64 yrs old),,,,Pidilite Industries,Public,,,,,,,,,Mumbai Maharashtra India,19.09015275,72.86371349380883
,IT Services & Consulting,BangaloreKarnataka India,,,,2014 (9 yrs old),,,,CMS IT Services,Private,,,,,,,,,BangaloreKarnataka India,,
,Defence & Aerospace,New Delhi Delhi India,,,,1932 (91 yrs old),,,,Indian Air Force,Private,,,,,,,,,New Delhi Delhi India,28.64308585,77.21926705734865
,Internet,GurgaonHaryana India,,,,2015 (8 yrs old),,,,CARS24,Private,,,,,,,,,GurgaonHaryana India,,
,IT Services & Consulting,Montreal Quebec Canada,,,,1976 (47 yrs old),,,,Cgi Group,Private,,,,,,,,,Montreal Quebec Canada,45.5031824,-73.5698065
,Financial Services,New York CityNew York United States,,,,1850 (173 yrs old),,,,American Express,Private,,,,,,,,,New York CityNew York United States,,
,Pharma,Vadodara/Baroda Gujrat India,,,,1907 (116 yrs old),,,,Alembic Pharmaceuticals,Public,,,,,,,,,Vadodara/Baroda Gujrat India,,
,Banking,,,,,,,,,NatWest Group,Government,,,,,,,,,,,
,Pharma,Mumbai Maharashtra India,,,,1973 (50 yrs old),,,,Alkem Laboratories,Public,,,,,,,,,Mumbai Maharashtra India,19.09015275,72.86371349380883
,Logistics,Hyderabad/Secunderabad Telangana India,,,,2012 (11 yrs old),,,,Gati kwe,Private,,,,,,,,,Hyderabad/Secunderabad Telangana India,17.442473907634827,78.50469052729599
,Electrical Equipment,Noida Uttar Pradesh India,,,,1983 (40 yrs old),,,,Havells,Public,,,,,,,,,Noida Uttar Pradesh India,28.5706333,77.3272147
,Pharma,Mumbai Maharashtra India,,,,1977 (46 yrs old),,,,Glenmark Pharmaceuticals,Public,,,,,,,,,Mumbai Maharashtra India,19.09015275,72.86371349380883
,Electrical Equipment,Zurich Switzerland,,,,2001 (22 yrs old),,,,ABB Group,Public,,,,,,,,,Zurich Switzerland,47.3744489,8.5410422
,Banking,Frankfurt Germany,,,,1870 (153 yrs old),,,,Deutsche Bank,Private,,,,,,,,,Frankfurt Germany,50.1106444,8.6820917
,Retail,Mumbai Maharashtra India,,,,1991 (32 yrs old),,,,Shoppers Stop,Public,,,,,,,,,Mumbai Maharashtra India,19.09015275,72.86371349380883
,Engineering & Construction,Kolkata West Bengal India,,,,1924 (99 yrs old),,,,Simplex Infrastructures,Public,,,,,,,,,Kolkata West Bengal India,22.5726459,88.3638953
,Pharma,Mumbai Maharashtra India,,,,1949 (74 yrs old),,,,Ipca Laboratories,Public,,,,,,,,,Mumbai Maharashtra India,19.09015275,72.86371349380883
,Automobile,Gurgaon/Gurugram Haryana India,,,,1999 (24 yrs old),,,,Honda Motorcycle & Scooter,Private,,,,,,,,,Gurgaon/Gurugram Haryana India,28.4891009,77.0111934
,IT Services & Consulting,VilniusVilniaus Apskritis Lithuania,,,,1997 (26 yrs old),,,,Atos,Private,,,,,,,,,VilniusVilniaus Apskritis Lithuania,,
,Logistics,Bangalore/Bengaluru Karnataka India,,,,1990 (33 yrs old),,,,DTDC Express,Private,,,,,,,,,Bangalore/Bengaluru Karnataka India,12.98815675,77.62260003796
